{"biases":{"0":{"0":0.7007828078284583,"1":0.700720341655182,"2":0.7033763368758762,"3":0.7006746949252982,"4":0.7001811297265628,"5":0.7004978594590441,"lenght":6},"1":{"0":0.7151127059648282,"1":0.7181405614233384,"2":0.7126711867984142,"3":0.7019859661180571,"4":0.7002803042393311,"5":0.7052304222828766,"lenght":6},"2":{"0":0.9478361569446772,"1":0.9101941995656683,"2":0.7986392385131192,"3":0.7669163585116713,"4":0.7213411859376648,"5":0.7346444153577852,"lenght":6},"3":{"0":2.423399423478504,"1":1.2454676889501597,"2":0.7381367490410554,"3":0.7831869697589346,"lenght":4},"lenght":4},"weights":{"0":{"0":{"0":0.6200987985220529,"1":0.2403683328156903,"2":0.16040220342335024,"3":-0.7798406997412147,"4":-0.8997656391610155,"5":0.9304767180489024,"6":0.4602742546113077,"7":0.21010029072577133,"lenght":8},"1":{"0":0.5500837678302696,"1":-0.2296557242103635,"2":0.30036585613447986,"3":0.15013784972069844,"4":-0.1197736660835984,"5":0.38043897855432873,"6":0.12023664911881432,"7":9.69258270937277e-05,"lenght":8},"2":{"0":0.02038724871124458,"1":0.12157313061353733,"2":-0.6682159981159399,"3":-0.9092542349950427,"4":-0.8490299769105579,"5":-0.5479270679731486,"6":-0.8886435821825591,"7":-0.13964725459309313,"lenght":8},"3":{"0":-0.6598954058673299,"1":-0.9496832209776371,"2":-0.8396331146790474,"3":0.8601653435729479,"4":0.9702080652916856,"5":0.6803826705618177,"6":-0.5997498001225187,"7":-0.519910990296475,"lenght":8},"4":{"0":0.8500266129121201,"1":0.10008675210600927,"2":0.6700994209336465,"3":-0.659950673069708,"4":-0.06993922731659687,"5":-0.6998988370611209,"6":0.13006580845144092,"7":0.9100214530287646,"lenght":8},"5":{"0":0.24004638335300826,"1":-0.45975509243241003,"2":0.5802844155037141,"3":-0.1298587918980553,"4":0.9400921199734781,"5":0.22029566194399094,"6":-0.1297849290809127,"7":-0.8299609957221612,"lenght":8},"lenght":6},"1":{"0":{"0":0.6274362842974112,"1":0.24888356862877828,"2":0.16400490150882946,"3":-0.7770191271887842,"4":-0.8969355921838472,"5":0.9339231563401835,"lenght":6},"1":{"0":-0.41108396462417457,"1":0.010653915140909135,"2":0.5547836581456873,"3":-0.22644010162903114,"4":0.3036489336009665,"5":0.1546736572009991,"lenght":6},"2":{"0":0.5361684733650762,"1":0.387375598851874,"2":0.46328640346074856,"3":0.10246004741887511,"4":0.022531119800373714,"5":0.12325654991543845,"lenght":6},"3":{"0":-0.5490220794615186,"1":-0.6088324344482743,"2":-0.8894739586324114,"3":-0.5896127332102902,"4":0.9503929279007692,"5":0.5305005783254557,"lenght":6},"4":{"0":-0.34986055891662865,"1":0.3301668590877324,"2":0.07007248083299311,"3":-0.21994875270015793,"4":0.5000479874785582,"5":0.5000605335783478,"lenght":6},"5":{"0":-0.5174002909588823,"1":-0.5468918474604773,"2":0.06138571924265041,"3":-0.7589918778348953,"4":0.4810056317169608,"5":-0.22872886860564348,"lenght":6},"lenght":6},"2":{"0":{"0":0.725103244923803,"1":0.3449834411985518,"2":0.3059010999442646,"3":-0.6735855379751023,"4":-0.779628037930299,"5":1.01077802187069,"lenght":6},"1":{"0":-0.3309295952659286,"1":0.08899509974025928,"2":0.6735830915513313,"3":-0.13968424868505583,"4":0.4022180938458158,"5":0.21872006846042372,"lenght":6},"2":{"0":0.5717453100475782,"1":0.42171875843592177,"2":0.5178884806710848,"3":0.14236095902998797,"4":0.06795306567522853,"5":0.15228790373932502,"lenght":6},"3":{"0":-0.5216193996039493,"1":-0.5816893974570015,"2":-0.8506479869335616,"3":-0.5613998337747265,"4":0.9823028062466905,"5":0.5516233501439964,"lenght":6},"4":{"0":-0.340937402039378,"1":0.33902368622366374,"2":0.08255677421077322,"3":-0.21092684918943522,"4":0.510223278200419,"5":0.5068106437880215,"lenght":6},"5":{"0":-0.5053109231248215,"1":-0.5353473639604891,"2":0.08035821565850525,"3":-0.7452002959074403,"4":0.4967170840516047,"5":-0.21880145936561407,"lenght":6},"lenght":6},"3":{"0":{"0":1.044118493995001,"1":0.904906473509292,"2":1.6454490926696985,"3":0.11533802460892992,"4":0.36543850599285316,"5":1.6548916193718763,"lenght":6},"1":{"0":-0.3187195743535232,"1":0.1513093807157282,"2":0.8861833951423626,"3":-0.03467702302469969,"4":0.5796597873694692,"5":0.30449043290985583,"lenght":6},"2":{"0":0.5091266454513038,"1":0.36143847685471253,"2":0.4614700505321129,"3":0.08480482385388637,"4":0.014032179660952198,"5":0.10139975389723503,"lenght":6},"3":{"0":-0.5420372166105878,"1":-0.5947485082931018,"2":-0.8448250202541234,"3":-0.5681517190419633,"4":0.9854349069594002,"5":0.5455057468023025,"lenght":6},"lenght":4},"lenght":4}}