{"biases":{"0":{"0":0.6865318582832536,"1":0.6939679721175473,"2":0.7001371338215786,"3":0.7022443206262569,"4":0.6867430919166396,"5":0.6819297342628982,"lenght":6},"1":{"0":0.7929663971918237,"1":0.7994096649096674,"2":0.77355712037239,"3":0.7271317820921172,"4":0.7196857031564626,"5":0.7029293152729118,"lenght":6},"2":{"0":0.5899277519669689,"1":0.7082977992296302,"2":1.0411936900771528,"3":0.9922517582948971,"4":0.813246666865259,"5":0.7658773496039167,"lenght":6},"3":{"0":2.310405516087932,"1":1.5785166821851637,"2":-0.7490021879905872,"3":0.9025496505045809,"lenght":4},"lenght":4},"weights":{"0":{"0":{"0":-0.3312475533837689,"1":-0.5661971183049755,"2":-0.11680707528201856,"3":-0.07222150767821534,"4":-0.863924649551776,"5":0.04124942854222528,"6":0.11476622581290472,"7":-0.07166395849517677,"lenght":8},"1":{"0":0.6295547852831679,"1":0.6372187328567261,"2":-0.8827572718638365,"3":0.02967740785296771,"4":0.7076860919846077,"5":-0.88422342611226,"6":0.4580911849278185,"7":0.3689675468029289,"lenght":8},"2":{"0":-0.5200524646922553,"1":-0.4398916639977409,"2":0.5304201436513218,"3":0.9206396702318552,"4":0.5793761364446421,"5":-0.7401039088373186,"6":-0.1694590612444635,"7":0.7996459797507987,"lenght":8},"3":{"0":0.6300922057376896,"1":0.9110489745132215,"2":0.40119834417365746,"3":0.4204326729044721,"4":-0.17952046831309498,"5":-0.4085117105781923,"6":0.7109980356651568,"7":0.590119725491402,"lenght":8},"4":{"0":-0.711084724234458,"1":-0.3762111953689007,"2":-0.806478099653932,"3":0.7185635400263861,"4":-0.13454181951599956,"5":-0.5790228359452533,"6":-0.2949159702977975,"7":-0.08145549290592578,"lenght":8},"5":{"0":0.25840630888519994,"1":-0.3086526076542492,"2":0.29135576198360796,"3":-0.6218715296297508,"4":-0.5566994619147421,"5":-0.822293175331251,"6":0.4840118095523517,"7":-0.9023215883394865,"lenght":8},"lenght":6},"1":{"0":{"0":-0.30863347192794605,"1":-0.5423132872657488,"2":-0.09336639991683351,"3":-0.03964941231732138,"4":-0.8452446671084313,"5":0.05924679500174791,"lenght":6},"1":{"0":-0.6167331680862388,"1":0.6288492684409693,"2":0.6477111664913607,"3":0.6728394603702259,"4":-0.8637830538692585,"5":0.04046132694681618,"lenght":6},"2":{"0":0.25731559541362914,"1":0.0440940414102576,"2":-0.5864692114169816,"3":-0.27462062968834805,"4":-0.507047976477561,"5":-0.431383679482521,"lenght":6},"3":{"0":0.8264457976087209,"1":0.10520979261245682,"2":0.5650596758606794,"3":-0.6402761705272186,"4":0.9951046038361049,"5":-0.8764582717468147,"lenght":6},"4":{"0":-0.2754591997492249,"1":0.6639376287920664,"2":0.14406018498185974,"3":0.8073727627526057,"4":-0.8859410596000288,"5":-0.5472079654850579,"lenght":6},"5":{"0":0.5906426787050778,"1":-0.019400204825695433,"2":-0.16936706762198525,"3":0.15107699562617777,"4":0.9505880127832735,"5":-0.0596197891920415,"lenght":6},"lenght":6},"2":{"0":{"0":-0.3583920434872082,"1":-0.59238989395561,"2":-0.1366102865557129,"3":-0.09998335251674338,"4":-0.893668782268522,"5":0.009641218463189138,"lenght":6},"1":{"0":-0.6390574772588046,"1":0.610742839630065,"2":0.6313289377763687,"3":0.6424492976215095,"4":-0.8776370967113074,"5":0.03376094443447148,"lenght":6},"2":{"0":0.32473753139252814,"1":0.1255365281483566,"2":-0.5187764685747424,"3":-0.20555155094884955,"4":-0.4151424878615005,"5":-0.3119375067007618,"lenght":6},"3":{"0":0.8931325153942149,"1":0.18260024587088872,"2":0.6299517647510733,"3":-0.5690820224369373,"4":1.0799818032331412,"5":-0.7705400803223746,"lenght":6},"4":{"0":-0.25204001109477264,"1":0.6915038771585506,"2":0.1668038120755904,"3":0.8312625831528765,"4":-0.8553611645418959,"5":-0.5075471049771281,"lenght":6},"5":{"0":0.6063457302220581,"1":-0.001537272594598424,"2":-0.15440937015919026,"3":0.16808546444433042,"4":0.9700684827722033,"5":-0.0354425149337485,"lenght":6},"lenght":6},"3":{"0":{"0":0.2517160865712007,"1":0.021809438184421617,"2":0.11281264433959266,"3":0.2347574647415035,"4":-0.5523841521225321,"5":0.6440032417994705,"lenght":6},"1":{"0":-0.43611095229495256,"1":0.8180728409243044,"2":0.7128753555988737,"3":0.7507028547173666,"4":-0.7729721648097436,"5":0.2344986098832263,"lenght":6},"2":{"0":-0.3121197185206725,"1":-0.5190076077465171,"2":-1.0047756130212644,"3":-0.7596336750239058,"4":-0.9862574385481508,"5":-1.0041511094617759,"lenght":6},"3":{"0":0.8580149220366268,"1":0.1375835033958804,"2":0.5514097838528792,"3":-0.64889558930987,"4":0.9928828068562984,"5":-0.8365253342679307,"lenght":6},"lenght":4},"lenght":4}}