{"biases":{"0":{"0":-0.5800000000000001,"1":0.6399999999999999,"2":-0.30000000000000004,"3":-0.4,"4":-0.07999999999999996,"5":0.5800000000000001,"lenght":6},"1":{"0":-0.19999999999999996,"1":0.06000000000000005,"2":0.6200000000000001,"3":-0.45999999999999996,"lenght":4},"2":{"0":-0.96,"1":0.3400000000000001,"2":0.30000000000000004,"3":0.96,"4":-0.28,"5":-0.48,"6":0.5,"7":0.41999999999999993,"lenght":8},"lenght":3},"weights":{"0":{"0":{"0":-0.45999999999999996,"1":-0.36,"2":0.74,"3":-0.33999999999999997,"4":0.43999999999999995,"5":0.94,"lenght":6},"1":{"0":0.3999999999999999,"1":-0.5800000000000001,"2":-0.56,"3":0.45999999999999996,"4":0.06000000000000005,"5":-0.14,"lenght":6},"2":{"0":0.8999999999999999,"1":-0.6799999999999999,"2":0.5800000000000001,"3":-0.74,"4":0.8600000000000001,"5":-0.52,"lenght":6},"3":{"0":-0.8,"1":0.6599999999999999,"2":-0.8200000000000001,"3":-0.78,"4":0.8400000000000001,"5":0.21999999999999997,"lenght":6},"4":{"0":-0.64,"1":-0.4,"2":0.76,"3":-0.74,"4":0.040000000000000036,"5":-0.86,"lenght":6},"5":{"0":0.24,"1":-0.36,"2":0.8200000000000001,"3":0.0,"4":0.30000000000000004,"5":0.28,"lenght":6},"6":{"0":0.98,"1":0.74,"2":-0.26,"3":-0.5800000000000001,"4":-0.76,"5":0.8,"lenght":6},"7":{"0":-0.6599999999999999,"1":-0.86,"2":-0.88,"3":0.9199999999999999,"4":0.43999999999999995,"5":0.020000000000000018,"lenght":6},"lenght":8},"1":{"0":{"0":0.8200000000000001,"1":0.28,"2":-0.8,"3":-0.38,"lenght":4},"1":{"0":-0.4,"1":-0.72,"2":0.8,"3":0.8400000000000001,"lenght":4},"2":{"0":-0.07999999999999996,"1":0.6399999999999999,"2":0.8799999999999999,"3":0.26,"lenght":4},"3":{"0":0.96,"1":0.8600000000000001,"2":-0.96,"3":0.74,"lenght":4},"4":{"0":-0.7,"1":-0.72,"2":-0.4,"3":0.6799999999999999,"lenght":4},"5":{"0":0.48,"1":0.76,"2":0.6000000000000001,"3":-0.07999999999999996,"lenght":4},"lenght":6},"2":{"0":{"0":-0.30000000000000004,"1":0.5800000000000001,"2":-0.88,"3":0.56,"4":0.8999999999999999,"5":0.3600000000000001,"6":0.21999999999999997,"7":-0.5,"lenght":8},"1":{"0":-0.30000000000000004,"1":0.040000000000000036,"2":0.3999999999999999,"3":0.6200000000000001,"4":0.72,"5":-0.6799999999999999,"6":0.94,"7":0.6799999999999999,"lenght":8},"2":{"0":0.24,"1":0.98,"2":-0.54,"3":-0.42000000000000004,"4":0.32000000000000006,"5":0.06000000000000005,"6":-0.74,"7":0.8400000000000001,"lenght":8},"3":{"0":-0.16000000000000003,"1":-0.09999999999999998,"2":0.8,"3":0.6399999999999999,"4":0.98,"5":-0.54,"6":-0.8200000000000001,"7":0.72,"lenght":8},"lenght":4},"lenght":3}}