{"biases":{"0":{"0":0.5696431882,"1":-0.46023742999999984,"10":-0.2974815397999999,"11":0.2854748230000001,"2":0.6332302492,"3":0.5069452498000001,"4":-0.6993591212000001,"5":-0.37767145699999993,"6":-0.23311095139999993,"7":0.36119324859999996,"8":-0.5240883889999999,"9":0.5970849586,"lenght":12},"1":{"0":-0.7538994038,"1":0.9654705753999999,"10":0.9013303168,"11":-0.3500080940000001,"2":0.5910863488,"3":0.6553997818,"4":0.6753823468000001,"5":0.6902457802,"6":0.7450946260000001,"7":-0.1294235588,"8":-0.3678306445999999,"9":-0.14145804559999997,"lenght":12},"2":{"0":0.17235129039999986,"1":-0.7703199704000001,"2":0.362960143,"3":-0.2452771279999999,"4":0.04477553439999993,"5":-0.17637733099999997,"lenght":6},"3":{"0":-0.39704001499999997,"1":0.3366555136,"2":-0.23651985260000008,"3":-0.3766206998000001,"lenght":4},"lenght":4},"weights":{"0":{"0":{"0":0.6089063041999999,"1":0.8503029576000001,"2":0.7988416204000001,"3":-0.3104639262000001,"4":-0.41856244080000016,"5":-0.3629986734000001,"6":0.5984097310000001,"7":0.5522699661999999,"lenght":8},"1":{"0":-0.7716067534000002,"1":0.4022762323999999,"2":-0.8823617638,"3":0.031018239800000014,"4":-0.9191137408,"5":-0.017251975400000008,"6":-0.4638651684,"7":-0.34201078220000003,"lenght":8},"10":{"0":-0.8485636542000001,"1":-0.8412514,"2":0.18358520139999995,"3":0.911831223,"4":0.49783084659999993,"5":-0.2735593736,"6":-0.7152389278,"7":0.2595071474,"lenght":8},"11":{"0":-0.8151771076000001,"1":-0.07633306019999997,"2":-0.17660810179999997,"3":-0.34416123779999996,"4":0.47149421519999996,"5":0.48892083320000007,"6":0.2847323262,"7":0.7426139542,"lenght":8},"2":{"0":0.3600577004,"1":-0.8665992899999999,"2":-0.11508268739999994,"3":-0.4717696778,"4":-0.38083672,"5":-0.6693230046,"6":-0.877824428,"7":-0.5136664075999999,"lenght":8},"3":{"0":-0.32299446159999995,"1":-0.4334059457999999,"2":0.40005627459999993,"3":-0.331553417,"4":-0.9083209854,"5":0.9365747348000001,"6":0.7469214077999999,"7":0.39711475240000005,"lenght":8},"4":{"0":0.7898776923999999,"1":0.5512924618,"2":0.9256508261999999,"3":-0.7651553130000002,"4":-0.6637062116000001,"5":0.31458999080000005,"6":0.5841146532000001,"7":-0.8157835296000001,"lenght":8},"5":{"0":-0.22313377679999996,"1":0.365282323,"2":-0.08776528979999998,"3":-0.12024751580000004,"4":-0.7874402188,"5":0.4423695418000001,"6":0.31827113559999987,"7":0.34161748340000003,"lenght":8},"6":{"0":0.3692996854,"1":-0.8738115518,"2":0.7658478056000002,"3":0.7674629654,"4":0.8723948772,"5":0.6935528129999999,"6":0.7363259914000001,"7":-0.6690701508000001,"lenght":8},"7":{"0":-0.7848531328,"1":0.18438226599999996,"2":0.07937643399999994,"3":0.8503553154000001,"4":0.03448643619999997,"5":-0.2721727246000001,"6":-0.04600049859999994,"7":-0.33710643779999994,"lenght":8},"8":{"0":-0.7898802628,"1":-0.4728202388,"2":-0.20226175080000008,"3":-0.769057039,"4":0.709769752,"5":0.850382336,"6":-0.8758405685999999,"7":-0.5908345894,"lenght":8},"9":{"0":0.14219409439999992,"1":0.15139414160000003,"2":-0.011552671600000036,"3":0.0537538756,"4":-0.685706883,"5":-0.5682815360000001,"6":-0.7820992074,"7":0.5195928023999999,"lenght":8},"lenght":12},"1":{"0":{"0":-0.28721014799999994,"1":-0.7847688888,"10":-0.7020939939999999,"11":0.46649229580000007,"2":-0.8024152916,"3":-0.25277380219999995,"4":0.8335091447999999,"5":0.009699343400000005,"6":-0.5104131456000001,"7":0.12186942499999998,"8":0.7261399698,"9":-0.590122638,"lenght":12},"1":{"0":0.3765443018,"1":-0.18017266219999994,"10":0.42730741800000005,"11":-0.2650248246000002,"2":-0.7106689402,"3":-0.24743204760000004,"4":-0.5772518272,"5":0.2575928195999999,"6":-0.7532886597999999,"7":-0.7746217973999999,"8":-0.11540717139999995,"9":0.692797689,"lenght":12},"10":{"0":-0.6550441057999999,"1":-0.45886179820000017,"10":-0.7918093728000002,"11":-0.563059252,"2":0.27525593419999994,"3":-0.34991223439999997,"4":0.8487057396000002,"5":0.20996956000000008,"6":-0.7261311412,"7":0.26985462300000007,"8":0.4754652795999999,"9":-0.5440354439999999,"lenght":12},"11":{"0":-0.7509375234,"1":0.07378519199999994,"10":0.799848731,"11":0.7000624564,"2":-0.8076181136,"3":-0.4175397262,"4":0.36119519,"5":-0.5252803082,"6":-0.3492133448,"7":0.6766043152,"8":0.41510390220000004,"9":-0.6106779811999999,"lenght":12},"2":{"0":0.07557290280000005,"1":0.2684020458000001,"10":-0.008981081000000044,"11":-0.7562600744000001,"2":0.14208105020000006,"3":0.48974225820000006,"4":0.6584734338000001,"5":-0.3000591976,"6":-0.6892658358,"7":-0.35473671240000015,"8":-0.3952986528,"9":0.8078483062000001,"lenght":12},"3":{"0":-0.31692291679999995,"1":0.45560577519999995,"10":0.2656542585999999,"11":-0.5088502637999999,"2":0.31460935059999995,"3":-0.7402535134,"4":0.5100125708000001,"5":0.30404479019999997,"6":0.21076821599999995,"7":-0.26391369379999996,"8":-0.5881278702000001,"9":0.26462870940000005,"lenght":12},"4":{"0":-0.5437784710000001,"1":0.33836559880000006,"10":0.4160078824,"11":-0.3892302945999999,"2":-0.30447206120000003,"3":0.3738143593999999,"4":0.10916328780000006,"5":-0.7511646432,"6":0.6723189683999999,"7":-0.7022638094,"8":0.12976683620000007,"9":-0.14659997960000004,"lenght":12},"5":{"0":0.3383408227999999,"1":0.3052714802,"10":0.4810022234000001,"11":-0.29227087480000014,"2":0.11303299299999992,"3":-0.9149578300000001,"4":-0.02435078000000003,"5":-0.860948088,"6":-0.7592179044,"7":0.23425573680000011,"8":0.2451871208000001,"9":0.2599208798000001,"lenght":12},"6":{"0":-0.5155048964,"1":-0.4467001252,"10":0.2404939080000001,"11":-0.31247198620000005,"2":0.14681543319999996,"3":-0.31363276660000006,"4":0.5809285841999999,"5":-0.4025303082,"6":0.16551696959999995,"7":-0.695849885,"8":0.7798352924,"9":0.33457434199999986,"lenght":12},"7":{"0":0.11493913420000013,"1":-0.24665769000000004,"10":-0.7148158096,"11":0.4147810914,"2":-0.6122063602,"3":-0.762764596,"4":0.3727423304,"5":0.45533095580000005,"6":-0.20799489060000004,"7":-0.35938741320000006,"8":-0.35886812860000006,"9":0.7860381024,"lenght":12},"8":{"0":0.6676194498000001,"1":-0.5905042804,"10":-0.8026621946000001,"11":-0.9216736186,"2":-0.36643373640000004,"3":-0.3096639958,"4":0.16994603300000022,"5":-0.849431513,"6":0.21906513119999987,"7":0.7174411384000001,"8":-0.6616022046,"9":-0.6425900019999999,"lenght":12},"9":{"0":-0.29212031020000007,"1":0.15485477680000004,"10":0.6561330924000001,"11":-0.35835665260000005,"2":0.74200593,"3":-0.6877555842,"4":-0.5910414476,"5":-0.10897072840000001,"6":-0.43169813500000004,"7":0.5838976866000001,"8":0.3893715816000002,"9":-0.024904495200000043,"lenght":12},"lenght":12},"2":{"0":{"0":0.3073662194,"1":0.1937314303999999,"10":-0.6148179556,"11":-0.7934292704000002,"2":0.18576087259999996,"3":-0.619848411,"4":0.828819196,"5":-0.1920039542,"6":0.3681211490000001,"7":0.7272174884,"8":-0.6201493312,"9":-0.24888413780000007,"lenght":12},"1":{"0":0.004056610200000033,"1":-0.5692260436,"10":0.6213429041999999,"11":-0.006407537800000029,"2":-0.212114643,"3":-0.07203206979999999,"4":-0.048765769800000136,"5":-0.858919453,"6":0.2626876238000001,"7":0.36302088540000005,"8":0.5532142958000001,"9":-0.5516790403999999,"lenght":12},"2":{"0":-0.827616584,"1":-0.4227763718,"10":-0.9394768224000001,"11":-0.46434247840000004,"2":0.1852724918000001,"3":0.2718729943999999,"4":0.10994650020000007,"5":-0.7269519720000001,"6":0.7584956634,"7":-0.813157845,"8":0.07330889200000001,"9":-0.27521403040000003,"lenght":12},"3":{"0":0.4767820154000002,"1":0.5616443266000001,"10":0.6528435981999999,"11":0.10012411000000004,"2":-0.7995955546000001,"3":0.6596326841999999,"4":0.8602896224,"5":-0.9198840766,"6":0.3997328492000001,"7":-0.282124332,"8":-0.5871101202,"9":-0.5473817938,"lenght":12},"4":{"0":-0.6837718132000001,"1":-0.3049393443999999,"10":-0.595832539,"11":-0.038753669400000024,"2":-0.642325571,"3":0.5544424844000003,"4":0.24538161699999989,"5":0.5895467668000001,"6":-0.5434356198,"7":0.25776503299999987,"8":-0.6722296050000002,"9":0.6038368719999999,"lenght":12},"5":{"0":0.33341433359999983,