{"biases":{"0":{"0":0.5214559084920001,"1":0.04655240156400024,"10":0.1787892198480001,"11":-0.35985225006800003,"2":0.22133131891599983,"3":-0.25985553417200014,"4":0.13031915533199973,"5":0.29880916336399976,"6":0.30613587845600065,"7":0.4471621134960002,"8":0.65853117448,"9":0.5101179913039999,"lenght":12},"1":{"0":-0.08591222329600022,"1":0.38120247470800017,"10":-0.24601448463600017,"11":-0.33245755093199963,"2":0.07614433838800021,"3":0.34204025228399976,"4":0.3430851700279999,"5":-0.29987269423199997,"6":-0.10956565888800014,"7":0.4742384490240002,"8":0.5379776498239999,"9":0.15207173130400042,"lenght":12},"2":{"0":-0.268420936052,"1":-0.26585077418800007,"2":0.47268223377199986,"3":0.43067081780000044,"4":0.10900740731599987,"5":-0.11180487526799973,"lenght":6},"3":{"0":-0.23588389468399978,"1":0.2864466071160001,"2":-0.21950274789200053,"3":-0.5722390187999998,"lenght":4},"lenght":4},"weights":{"0":{"0":{"0":-0.20991768505200037,"1":0.6363540830760003,"2":0.4279249985639999,"3":-0.2838630737599997,"4":-0.22639354834000003,"5":0.35374774963200056,"6":0.1396632125600005,"7":-0.6018371704720001,"lenght":8},"1":{"0":-0.31697762715999955,"1":0.1764134106839999,"2":0.2807804236880006,"3":0.525999705892,"4":0.3082616851,"5":-0.010876798987999564,"6":-0.11341880706000003,"7":-0.477318836288,"lenght":8},"10":{"0":0.2712607064959998,"1":-0.13653085117999988,"2":0.5144219207639997,"3":0.08417084194399957,"4":0.3468324786000006,"5":-0.6753486528040005,"6":0.02137062441199955,"7":-0.6872575251799999,"lenght":8},"11":{"0":-0.044214399399999875,"1":-0.03620342971600049,"2":-0.1003652137120005,"3":0.2445373320959997,"4":-0.7575142520879998,"5":0.3743917302480002,"6":-0.4097393755999998,"7":-0.43524027584,"lenght":8},"2":{"0":0.2232382080000003,"1":0.1482764962559998,"2":0.12685107422400005,"3":0.06186877530799975,"4":0.5187576702759997,"5":0.3475770519560004,"6":0.2771932411360004,"7":-0.22443728767200027,"lenght":8},"3":{"0":-0.3556450114359997,"1":-0.3873162204439999,"2":-0.7448664009320001,"3":0.818266163044,"4":0.17775054295600048,"5":0.3734487056360002,"6":0.2876397996960003,"7":-0.1127212553760002,"lenght":8},"4":{"0":0.0077715608080005105,"1":-0.24464642928399968,"2":-0.011155556680000428,"3":0.3041380124680002,"4":-0.3244240208360006,"5":0.4347876570279997,"6":0.2974267302239999,"7":-0.1703016479960005,"lenght":8},"5":{"0":-0.42670427347200024,"1":-0.2286440739920002,"2":-0.5100072832880004,"3":0.0467774131360002,"4":-0.6595549859000004,"5":0.4198485696159998,"6":0.49854734894400043,"7":0.3033519941959998,"lenght":8},"6":{"0":-0.37138027495200004,"1":-0.22819280473600054,"2":0.32033542946800025,"3":-0.33499671795599983,"4":-0.7738098649119999,"5":-0.09124255694000033,"6":0.24173476761599988,"7":-0.5402748763479999,"lenght":8},"7":{"0":-0.023058777383999585,"1":0.3000683666839996,"2":0.6103259455119998,"3":-0.4936935752519997,"4":-0.600548268864,"5":0.08535451766400025,"6":-0.28680894390800027,"7":0.016083292304000144,"lenght":8},"8":{"0":-0.38252602375199984,"1":-0.008718612719999928,"2":0.05270719149199984,"3":-0.4457900445879999,"4":0.03268370348400032,"5":0.41246269381200035,"6":-0.13945703261999964,"7":0.17793943001199977,"lenght":8},"9":{"0":-0.2564926077240004,"1":0.38600157081200015,"2":-0.2121084980360004,"3":-0.564872934808,"4":-0.3733010874760001,"5":-0.27525237548799975,"6":0.14723906053600055,"7":0.028998637571999733,"lenght":8},"lenght":12},"1":{"0":{"0":0.4571852425360006,"1":0.3270392347160001,"10":-0.48258200386800043,"11":-0.4540307253000002,"2":0.7246269748680002,"3":-0.043965278872000385,"4":-0.44168284436800054,"5":0.028943554448000078,"6":0.1400314509399997,"7":0.614869634592,"8":-0.2622450979959997,"9":-0.26396326547200016,"lenght":12},"1":{"0":-0.023220807319999842,"1":-0.09936132971200015,"10":0.2540277471560003,"11":-0.3165899193559999,"2":0.11665249351600043,"3":0.037224940592000155,"4":-0.21591494064800032,"5":-0.5847722232679998,"6":0.1975393235680002,"7":-0.1312583918480001,"8":0.4790902518000001,"9":-0.2383963380440004,"lenght":12},"10":{"0":-0.3473653485800006,"1":0.25877878196799975,"10":-0.13376043665600004,"11":0.6036147158400007,"2":0.3071442089800005,"3":-0.08038254314800007,"4":-0.12224495245999982,"5":0.4840896471999997,"6":0.4050227301599998,"7":0.19855890333199977,"8":0.1957670956080004,"9":0.716084818476,"lenght":12},"11":{"0":0.2931500832639997,"1":0.21762297459600005,"10":-0.6715643211079999,"11":0.6608025558399998,"2":-0.5505731279199999,"3":-0.1242595192200005,"4":0.199786051016,"5":0.16503016618400015,"6":-0.0799729727719997,"7":-0.2111348119640001,"8":0.893063121904,"9":0.25772906294799974,"lenght":12},"2":{"0":-0.5694202590319999,"1":-0.15995202465200017,"10":0.04930310237599961,"11":0.17894564088000028,"2":-0.17485146918400027,"3":0.8219832775120002,"4":0.4685684787479999,"5":-0.48543129500399984,"6":-0.33351961460400026,"7":-0.5658175066199999,"8":0.07308259852799999,"9":-0.6334926397360001,"lenght":12},"3":{"0":-0.22404031283200035,"1":-0.6985107875080002,"10":-0.6087552608920002,"11":0.2112263203840004,"2":-0.25249595243199974,"3":0.5594492479880001,"4":-0.14451405298000042,"5":0.061767931567999756,"6":0.45513852268800065,"7":0.22380513970000035,"8":-0.09723873932799974,"9":0.41989690328400053,"lenght":12},"4":{"0":-0.571175319984,"1":0.44118406267599986,"10":0.33277128979600046,"11":0.2701673356480005,"2":-0.5880974126480002,"3":0.52212370506,"4":0.27495649787599996,"5":-0.37034377841200034,"6":-0.831366214296,"7":0.5638821255640002,"8":-0.32774703096800006,"9":-0.3811430246640003,"lenght":12},"5":{"0":0.7160544524279999,"1":0.5392316751919999,"10":0.2026372909000004,"11":0.48769397878400045,"2":-0.396910170972,"3":-0.43080829022800005,"4":0.5627936957799998,"5":0.20137293140400053,"6":0.6743373510120003,"7":-0.4064119582360001,"8":0.2824880306160003,"9":-0.6176839414560004,"lenght":12},"6":{"0":-0.37245012280799994,"1":-0.061949527595999726,"10":-0.46452080681599983,"11":-0.33151749097999983,"2":-0.4165862227,"3":-0.45040886213600007,"4":-0.362803851068,"5":-0.4135927103480004,"6":0.13497211706400009,"7":0.07382960140400015,"8":0.6528313523280002,"9":0.35356059149600005,"lenght":12},"7":{"0":0.2915455851800005,"1":-0.5168582475079999,"10":-0.18940044964800054,"11":-0.4949147266920002,"2":-0.13108947869600013,"3":-0.6850155590680002,"4":-0.3112812721720005,"5":0.3288105831959997,"6":0.23337177658000008,"7":-0.5843609315160004,"8":0.1376369187119999,"9":0.6081103788520001,"lenght":12},"8":{"0":-0.4539020309280002,"1":-0.44023721076800015,"10":-0.021176705895999834,"11":-0.767913453552,"2":-0.3572666849279996,"3":0.8704060011960001,"4":-0.18787237976800053,"5":0.4015652647880006,"6":0.14145463879599965,"7":0.03539749742400039,"8":0.20391573834000037,"9":0.2644371885520004,"lenght":12},"9":{"0":-0.802295521796,"1":-0.4249158163760003,"10":0.3771582321440002,"11":0.1133163684,"2":0.09435614785199987,"3":0.3575304908560001,"4":-0.5346464527839999,"5":0.4773153421839999,"6":-0.1627811134040001,"7":0.48732501911600057,"8":0.4129029813959999,"9":-0.22662181849599977,"lenght":12},"lenght":12},"2":{"0":{"0":0.3763071861999999,"1":0.19356794545600003,"10":-0.30256361627600026,"11":0.012896740055999771,"2":0.2689397934200006,"3":-0.1518939448560002,"4":0.34609417591199965,"5":-0.24730515904,"6":-0.2830184109360001,"7":0.2755256781679998,"8":-0.2879715953839998,"9":0.4970086846720001,"lenght":12},"1":{"0":0.23329805932799993,"1":0.3589811269520002,"10":0.6027470166880007,"11":0.2376959528839997,"2":-0.40048028419999976,"3":-0.21189506859200016,"4":-0.662963733452,"5":0.4317604256320001,"6":0.26392387004800044,"7":-0.23493670507600017,"8":-0.11271438597199959,"9":0.6336328786719999,"lenght":12},"2":{"0":0.33279009368799994,"1":-0.3077051469080002,"10":-0.09746054222799966,"11":-0.27574474672399985,"2":-0.008074821303999967,"3":-0.1793389004440002,"4":0.45138567089199977,"5":-0.35846152726800046,"6":0.24637622464799971,"7":-0.10443248409200001,"8":-0.15668480935600002,"9":-0.1168752086880005,"lenght":12},