{"biases":{"0":{"0":0.4816247160030142,"1":-0.5293748276513284,"10":0.3574829668325703,"11":0.3434915805869436,"2":0.1034380571054842,"3":-0.44025429947517297,"4":0.334433676604065,"5":-0.5136212907179166,"6":0.5599825243514212,"7":0.30169203344543494,"8":-0.010692228392135045,"9":0.3326339494939446,"lenght":12},"1":{"0":-0.06928600554943319,"1":-0.6025746630432457,"10":0.007822193358123106,"11":-0.013456289892105927,"2":-0.055092564179243735,"3":0.5971686854006458,"4":-0.3401730662510948,"5":-0.6629653110582245,"6":-0.46957132841741606,"7":0.12759871225644664,"8":0.5015442241144707,"9":-0.34099793867283623,"lenght":12},"2":{"0":0.40341403393005193,"1":-0.5381260740832123,"2":-0.27067926114787516,"3":-0.2271087395027963,"4":-0.4512622600504889,"5":-0.2470399700085023,"lenght":6},"3":{"0":-0.5234671573641203,"1":-0.4074284474218754,"2":-0.613530043210218,"3":0.25260696569868357,"lenght":4},"lenght":4},"weights":{"0":{"0":{"0":0.31494633210498024,"1":0.1197248741450812,"2":-0.34520484235995436,"3":-0.3510104167546168,"4":-0.03237050731364138,"5":0.12334180470973996,"6":-0.11593125210186805,"7":0.07950872750514246,"lenght":8},"1":{"0":0.07485167628696461,"1":0.36542287299882215,"2":-0.44527245910585955,"3":0.06808191127652913,"4":0.023974806739842133,"5":0.5315815386938069,"6":-0.21652445183944133,"7":0.21620278303837864,"lenght":8},"10":{"0":0.09708222439908389,"1":-0.13242489989088932,"2":0.25871209933597333,"3":0.15030790769760838,"4":0.5856737921155863,"5":-0.18047393544164322,"6":0.6309618295591929,"7":-0.5613920383610526,"lenght":8},"11":{"0":0.298444587853563,"1":0.0559733536981176,"2":0.01485539901419583,"3":-0.6992630812500101,"4":-0.3025844551696749,"5":-0.23689516762452945,"6":-0.282160211375346,"7":-0.19428212677929993,"lenght":8},"2":{"0":0.15346500751131475,"1":-0.4307914228544487,"2":-0.44111968464568485,"3":-0.03246493135991142,"4":-0.5442451000359768,"5":-0.14421345097220015,"6":-0.04348950785370756,"7":-0.5419186237077318,"lenght":8},"3":{"0":-0.018581252964699604,"1":-0.39729833610907134,"2":0.15532295948707883,"3":0.027427636197747046,"4":-0.2583070991026943,"5":-0.21144020239877642,"6":0.028618298079706464,"7":0.1622360083978463,"lenght":8},"4":{"0":-0.5190764527952788,"1":-0.031843360078291624,"2":-0.07185073516660917,"3":0.06317000558449573,"4":0.2686074494550647,"5":-0.31538591786107856,"6":-0.4974071620859443,"7":0.3708164005664465,"lenght":8},"5":{"0":0.41938982397400293,"1":-0.030446045181607664,"2":-0.12182877938542507,"3":0.06577011472638458,"4":0.028538304723973368,"5":-0.40618938445686475,"6":-0.2285336843568044,"7":0.4937389278308491,"lenght":8},"6":{"0":-0.37852717610555625,"1":-0.2405118604648885,"2":-0.22236290630184732,"3":-0.23353213740393286,"4":0.25781677827490845,"5":-0.5416787076755601,"6":-0.0625641498998892,"7":-0.11365361555219133,"lenght":8},"7":{"0":0.10536080547218518,"1":0.40869199734886485,"2":-0.24778608597306973,"3":-0.034414357248368735,"4":0.13486158834026707,"5":0.4310846279508327,"6":-0.2469188101949068,"7":0.025898830168605336,"lenght":8},"8":{"0":-0.3163448810170263,"1":0.44812572466132206,"2":0.3827475768383407,"3":-0.7603815900682019,"4":-0.026813312187979214,"5":-0.4891116230500451,"6":0.3771656494358448,"7":-0.04426674163183783,"lenght":8},"9":{"0":0.0006412406239643953,"1":0.43828246880469385,"2":-0.6167518215491803,"3":-0.031671472454502025,"4":0.2949863245670063,"5":-0.11182504655660873,"6":0.32413345286821976,"7":0.3072964449281086,"lenght":8},"lenght":12},"1":{"0":{"0":0.0066811857571360996,"1":0.1744562887825043,"10":0.4892811115777802,"11":0.424267034161186,"2":-0.6343144105960427,"3":0.5500884951798367,"4":0.2895365164174908,"5":0.46760241173009043,"6":-0.19272562323738035,"7":0.05368769895225281,"8":0.23350352785200867,"9":-0.21443533110858845,"lenght":12},"1":{"0":0.036969102138906224,"1":-0.06459272047042405,"10":0.14361860234903367,"11":-0.20651080837052058,"2":0.014060769847634491,"3":0.12421843670928999,"4":-0.05314045917079316,"5":-0.7180039629613559,"6":0.533221552486151,"7":0.06679326577843209,"8":-0.8564171325892258,"9":-0.5574082599653342,"lenght":12},"10":{"0":0.053840540072503836,"1":0.30540642319690975,"10":-0.7008927824598518,"11":0.16795483709377068,"2":0.2157774923252086,"3":0.2583174992058821,"4":-0.21911277085344377,"5":-0.42422491282353364,"6":0.16758723093456795,"7":0.2908638556357289,"8":0.20485349027399516,"9":-0.5577697431419283,"lenght":12},"11":{"0":-0.1330610837051847,"1":-0.13491867726178886,"10":0.2744842678848629,"11":0.08252932507202024,"2":-0.09027164145772296,"3":0.2779925934155024,"4":0.34949320795876454,"5":-0.008791009479832041,"6":-0.6307819771465045,"7":0.023265215587769755,"8":0.3456417811212725,"9":-0.08026740686523717,"lenght":12},"2":{"0":-0.38809883630128433,"1":0.09725815393161803,"10":-0.18745918328634292,"11":0.35654665270423,"2":0.682383095272506,"3":-0.44248649914741456,"4":0.18976980313723713,"5":-0.24245254838799496,"6":0.15529875490321934,"7":-0.45808576969385206,"8":0.6186780559507846,"9":-0.3620639060648618,"lenght":12},"3":{"0":-0.33166525744289754,"1":-0.3152808075861215,"10":-0.058228149417939835,"11":-0.377543720945241,"2":-0.30346246578735864,"3":-0.5550194985791147,"4":0.06864733878372398,"5":-0.14069793567197844,"6":0.40331243373911074,"7":-0.25676597722099015,"8":0.055179675655953636,"9":0.18255791871250357,"lenght":12},"4":{"0":0.09916390956652338,"1":0.10505833941106363,"10":0.4368673474710462,"11":-0.0828101627795535,"2":0.2922728301049482,"3":0.22674225796387748,"4":-0.10859250012905394,"5":-0.5604833303662422,"6":0.13340524461697448,"7":0.13162814396364314,"8":0.4640073626714349,"9":0.27912722484924,"lenght":12},"5":{"0":-0.09842300595897735,"1":-0.6650009280423582,"10":0.43919479137518264,"11":-0.06328169156397204,"2":0.17863501016599442,"3":-0.05507394752785437,"4":-0.11430131358334605,"5":0.21194487620381186,"6":-0.5049658558982084,"7":0.29348282219971605,"8":-0.6904931802718761,"9":-0.3256680701918058,"lenght":12},"6":{"0":0.18824313444821156,"1":0.029068298495668,"10":-0.10562216705366938,"11":-0.28544711763310293,"2":0.16426969607265435,"3":-0.7564296873262346,"4":0.36448911784217314,"5":-0.6065299320348522,"6":-0.5642933600892406,"7":-0.45701930225534865,"8":0.3982091799458115,"9":0.33738063463932483,"lenght":12},"7":{"0":-0.4429613152282608,"1":-0.30660335988053655,"10":0.38057067088330176,"11":0.518192626019833,"2":0.21580385898535842,"3":0.3199850214111303,"4":0.38684100361830087,"5":-0.06421911356021964,"6":-0.23797260794246508,"7":-0.01186813248386033,"8":0.13925508575200204,"9":-0.014633405696128882,"lenght":12},"8":{"0":-0.2663291203040434,"1":0.3385697924975284,"10":-0.0021968962777266926,"11":-0.32613005031138137,"2":-0.08808454360065594,"3":-0.1544012010517394,"4":0.240590096061903,"5":-0.45959857957065653,"6":-0.24995436372609708,"7":0.03959320165454808,"8":0.032409992198412674,"9":0.19077243431011853,"lenght":12},"9":{"0":0.4110897344448663,"1":-0.5189414677113497,"10":0.08701607798319434,"11":-0.4138662224539485,"2":-0.169518967073314,"3":-0.14299079282518207,"4":-0.33992503117501255,"5":-0.2945331974603268,"6":-0.19403789277985004,"7":0.5148262383224883,"8":-0.18610688916106605,"9":-0.5147070585368765,"lenght":12},"lenght":12},"2":{"0":{"0":-0.26873746220736777,"1":-0.0313043227982079,"10":0.5888632744423281,"11":-0.021725179345409004,"2":-0.044786666828215,"3":-0.5817519567259802,"4":-0.18574629758213007,"5":-0.5256319255120603,"6":-0.444947951969738,"7":0.22627992531599841,"8":0.14685815277848685,"9":-0.43817416053787045,"lenght":12},"1":{"0":0.5123209073364402,"1":-0.289197681249081,"10":-0.23967454940586935,"11":0.36768644583000465,"2":0.6900178328508761,"3":-0.5817036058656666,"4":0.5316167468921824,"5":0.03655776652198042,"6":-0.20383980522131812,"7":0.41264774910509505,"8":-0.2101386428666352,"9":0.28834084885611455,"lenght":12},"2":{"0":-0.0778984990446495,"1":-0.07992694249167877,"10":-0.1652579503979052,"11":0.1078275499770003,"2":0.216763280918393,"3":-0.5522520154667663,