{"biases":{"0":{"0":0.45127257934729126,"1":-0.4165416825040325,"10":0.1650351744752054,"11":0.41564236745433564,"2":-0.09227266757815375,"3":-0.5758089395932189,"4":0.3809615672816169,"5":-0.4023830696002546,"6":0.3805730050652312,"7":0.41830755065402186,"8":0.06790689620742793,"9":0.22180006829983667,"lenght":12},"1":{"0":-0.033327967618909216,"1":-0.5771134508963988,"10":-0.20435502698399477,"11":0.07830179201301099,"2":0.0022035534307142425,"3":0.557834315989499,"4":-0.14003223340381185,"5":-0.3981071596216566,"6":-0.480899148472004,"7":-0.05188018215780034,"8":0.5210228174525557,"9":-0.39675372571323425,"lenght":12},"2":{"0":0.585925528733938,"1":-0.5357179430674783,"2":-0.3584016268729932,"3":-0.1673053144859743,"4":-0.32423588413657295,"5":-0.1741811657413634,"lenght":6},"3":{"0":-0.5214284204327803,"1":-0.4195328793539934,"2":-0.6133014503763171,"3":0.24081023373764568,"lenght":4},"lenght":4},"weights":{"0":{"0":{"0":0.27163357322137033,"1":0.06277086133702113,"2":-0.2029201669844014,"3":-0.41176501452380476,"4":-0.037583626251772514,"5":0.04363606347030996,"6":-0.07050707292954214,"7":-0.09949849877847648,"lenght":8},"1":{"0":-0.03467059198453333,"1":0.2605942093544432,"2":-0.5454769664110896,"3":0.10569541853894421,"4":0.07039695013207317,"5":0.49806645813303974,"6":-0.13110292334836138,"7":0.20016524034735764,"lenght":8},"10":{"0":0.15238213501024592,"1":-0.020938116019173364,"2":0.31390583112841924,"3":0.19480000355885232,"4":0.6066337946536093,"5":-0.2227472908837741,"6":0.6299423299503489,"7":-0.36600665918543873,"lenght":8},"11":{"0":0.19895889451725401,"1":0.20216290949266658,"2":0.08036465208007373,"3":-0.6108089489805653,"4":-0.39606275619358183,"5":-0.22848727460094448,"6":-0.24877068291004908,"7":-0.2049508268804499,"lenght":8},"2":{"0":0.08996101821624172,"1":-0.34798411004031266,"2":-0.4762645972431468,"3":0.18306777924897247,"4":-0.6161558171006448,"5":-0.1856179704293001,"6":-0.23180197722850154,"7":-0.537540589112858,"lenght":8},"3":{"0":0.07129392154445036,"1":-0.4861967662585674,"2":0.18239890874890782,"3":0.09295122337565001,"4":-0.4359710205192112,"5":-0.28102059389884443,"6":-0.07552212661361049,"7":0.17983728483129935,"lenght":8},"4":{"0":-0.6495661052622077,"1":0.0460373806705023,"2":-0.08233133256846417,"3":0.12137921945202372,"4":0.15714240966311677,"5":-0.4899396508799075,"6":-0.33820040254783645,"7":0.20386479945719957,"lenght":8},"5":{"0":0.31968717334211394,"1":-0.23870985810485162,"2":-0.16445981260845705,"3":0.04477754205269656,"4":0.041072183061530355,"5":-0.43157284156481673,"6":-0.2648998562814263,"7":0.3977526384069132,"lenght":8},"6":{"0":-0.26315938862191435,"1":-0.32455367875017244,"2":-0.3092811015184113,"3":-0.028166835948158914,"4":0.15222921362630248,"5":-0.5735283168491401,"6":-0.10901204762767319,"7":-0.026347475654847463,"lenght":8},"7":{"0":-0.06209554209849172,"1":0.34407067196281693,"2":-0.34681231386345474,"3":-0.14167528955679265,"4":0.01543645519914114,"5":0.43623728589800875,"6":-0.2765910679951898,"7":-0.04660069954076159,"lenght":8},"8":{"0":-0.48224623530496924,"1":0.44878115463569307,"2":0.40769733093621063,"3":-0.725854175164413,"4":0.008351797089130718,"5":-0.5449837348694871,"6":0.2855588834671868,"7":0.14352215909215313,"lenght":8},"9":{"0":-0.06433725124403361,"1":0.5219383976822108,"2":-0.6310832936186703,"3":-0.10843300704036295,"4":0.2667109887688394,"5":-0.19196003269235268,"6":0.4982171126644297,"7":0.42823126903210246,"lenght":8},"lenght":12},"1":{"0":{"0":0.08970684752618403,"1":0.3895571369834762,"10":0.43149731623457027,"11":0.35879954373000905,"2":-0.44199998960737374,"3":0.4027867130587347,"4":0.3415423471831857,"5":0.42382141304508547,"6":-0.04571806930197039,"7":0.14459614388823877,"8":0.20598389308245266,"9":-0.29301926306922244,"lenght":12},"1":{"0":0.03816188803118924,"1":-0.09721382191095598,"10":0.1876542457074207,"11":-0.05701993599438063,"2":0.2211880496783214,"3":0.09368906676988498,"4":-0.0355951911168602,"5":-0.669078881074614,"6":0.5140631911924759,"7":0.037841736957408126,"8":-0.8633731436342689,"9":-0.5336832840783712,"lenght":12},"10":{"0":-0.09976589373152406,"1":0.4108043234304148,"10":-0.476340414567638,"11":0.3056462877330057,"2":0.1860548907182526,"3":0.3662020195833331,"4":-0.14540458286158586,"5":-0.3691446187666708,"6":0.15581852932709192,"7":0.2446765932226329,"8":0.321653282547662,"9":-0.3854845985229324,"lenght":12},"11":{"0":-0.12063948675489666,"1":-0.06544626162502293,"10":0.21863899593570393,"11":0.25732557697913017,"2":0.025069341467706008,"3":0.3440489123368633,"4":0.2854625422721666,"5":0.034914490913491934,"6":-0.5067713601494765,"7":-0.012226351655995232,"8":0.2564202033478685,"9":-0.16065341259494614,"lenght":12},"2":{"0":-0.4344427330845463,"1":0.16200981723541696,"10":-0.031122200359324004,"11":0.3064886423539951,"2":0.8381582683795891,"3":-0.3550531198058916,"4":0.07488116345183521,"5":-0.19148471578866194,"6":0.2728348194419294,"7":-0.37017201628863816,"8":0.5857666470312966,"9":-0.3474002788057028,"lenght":12},"3":{"0":-0.2809379753627366,"1":-0.23212847018689264,"10":0.08357703591639004,"11":-0.294666969826061,"2":-0.1674066524547277,"3":-0.6062315142469417,"4":-0.05982732133759398,"5":-0.33297564614575736,"6":0.45716200556471576,"7":-0.28050191693093524,"8":-0.12863415469159928,"9":0.23999364192847567,"lenght":12},"4":{"0":0.20943708979060535,"1":0.17631448387711565,"10":0.37191805036709924,"11":-0.2011427527918005,"2":0.39611033654356215,"3":0.2867034726881065,"4":0.022846541311449017,"5":-0.6017004715236732,"6":0.07573838221603146,"7":0.26523022877677405,"8":0.33622831632302197,"9":0.16260559750206008,"lenght":12},"5":{"0":-0.2284140011612563,"1":-0.6423721977622272,"10":0.19556287749878373,"11":0.1227784940895819,"2":0.3084415823456613,"3":0.042043742879248634,"4":-0.07216248496204905,"5":0.2692370623813778,"6":-0.3575484778927525,"7":0.356578872021954,"8":-0.6172294596789942,"9":-0.3298464092700389,"lenght":12},"6":{"0":0.2277223770899776,"1":-0.07635450852075798,"10":-0.18061754151735443,"11":-0.3056390256312639,"2":0.010997882901951361,"3":-0.6171595413192217,"4":0.39142322862871903,"5":-0.6503518830551381,"6":-0.6182397991620605,"7":-0.3684641984411627,"8":0.4590746862043775,"9":0.4089716376038068,"lenght":12},"7":{"0":-0.47231571322669075,"1":-0.17624412799828462,"10":0.3531195067675628,"11":0.3091547987965091,"2":0.01998989514172747,"3":0.1575543174438454,"4":0.3057183620839509,"5":-0.012852667662429706,"6":-0.22003635330121699,"7":-0.12288562866809023,"8":0.176312104899113,"9":-0.15806368394634385,"lenght":12},"8":{"0":-0.0544069351204855,"1":0.1883712854143324,"10":0.03061702241548027,"11":-0.5286022649940824,"2":-0.21173718794506388,"3":-0.20248378409330944,"4":0.34586636275846394,"5":-0.28164440845006466,"6":-0.371015418052425,"7":-0.0827163818040379,"8":0.05152491907627868,"9":0.12913821137066755,"lenght":12},"9":{"0":0.31525315869792936,"1":-0.3146582147162748,"10":0.18852075981746133,"11":-0.30824224196206246,"2":-0.04522418776924103,"3":-0.06950132302378317,"4":-0.34394230305417856,"5":-0.23284599480141988,"6":-0.22570518173652498,"7":0.46491498040457235,"8":-0.08906028566322902,"9":-0.6289706764514945,"lenght":12},"lenght":12},"2":{"0":{"0":-0.08482143424029187,"1":0.12197511425724807,"10":0.5469017027955322,"11":0.017469871129335977,"2":-0.12163074988220306,"3":-0.6868707366078702,"4":-0.11823768030534507,"5":-0.5697826820613903,"6":-0.25385224384919713,"7":0.05185347524288747,"8":0.0908742325574598,"9":-0.38010574887465554,"lenght":12},"1":{"0":0.44801989032886025,"1":-0.3492914016130209,"10":-0.17772885171665445,"11":0.2950407294172267,"2":0.4908170219924943,"3":-0.5747002414731296,"4":0.5629781324092834,"5":-0.11539852781812959,"6":-0.13544327985346719,"7":0.46764306965481206,"8":-0.1545312639518222,"9":0.23167721479744163,"lenght":12},"2":{"0":0.1207212673022754,"1":-0.06637717060880774,"10":-0.0012069519646882854,"11":0.13901160360050033,"2":0.20842800074514892,"3":-0.7187289169852792,