{"biases":{"0":{"0":0.5416081812580003,"1":-0.5850179896160006,"10":0.4488915247899998,"11":0.31226540396799984,"2":0.05644281734800003,"3":-0.773798199884,"4":0.5010250046080006,"5":-0.605064882452,"6":0.7311437307400003,"7":0.3911684189980009,"8":-0.1839889398980008,"9":0.569638730968,"lenght":12},"1":{"0":-0.26399545810400105,"1":-0.6134309829619999,"10":-0.19705181457200036,"11":0.006229348617999758,"2":0.036632591932000066,"3":0.675693994762,"4":-0.49305905301799996,"5":-0.7078677421280002,"6":-0.4373375629520001,"7":0.21094832936199998,"8":0.7220267380899998,"9":-0.4782890436920001,"lenght":12},"2":{"0":0.5079115292440002,"1":-0.7057386997640002,"2":-0.22449470457199955,"3":-0.16944184581200045,"4":-0.6915017861360001,"5":-0.27673237639400067,"lenght":6},"3":{"0":-0.5559838336400001,"1":-0.28190749257199976,"2":-0.7112780794460002,"3":0.3351548797479997,"lenght":4},"lenght":4},"weights":{"0":{"0":{"0":0.47237720006,"1":0.20649619876000075,"2":-0.27081175343800057,"3":-0.41322590335200055,"4":-0.059988467973999676,"5":0.10298349777999968,"6":-0.2249165149959999,"7":0.02420246847400065,"lenght":8},"1":{"0":0.11945073490800073,"1":0.3153929454340003,"2":-0.5241825734199997,"3":0.09376120490999929,"4":0.028968939374000746,"5":0.5898244572820004,"6":-0.5035349896800005,"7":0.2289209169660008,"lenght":8},"10":{"0":0.1675415345479998,"1":-0.31950391093600083,"2":0.4398762234840009,"3":0.21285403077599982,"4":0.6153867409420004,"5":-0.2813827859740007,"6":0.8698703868240001,"7":-0.710786046244,"lenght":8},"11":{"0":0.5721444542140002,"1":0.1271481227459994,"2":-0.08997648038800012,"3":-0.6850230944700004,"4":-0.48259988427800043,"5":-0.1529871349099997,"6":-0.42017254966199963,"7":-0.1169953851000002,"lenght":8},"2":{"0":0.17354748335800063,"1":-0.48802670025600026,"2":-0.5392315507480006,"3":0.17740607933600006,"4":-0.8189946892719999,"5":-0.21333873339999954,"6":-0.02649464547600009,"7":-0.6763298722040001,"lenght":8},"3":{"0":0.01972344510000057,"1":-0.4023540431839996,"2":0.28004602186600075,"3":0.22936450646200068,"4":-0.3130876482180007,"5":-0.47316478887199975,"6":0.1638467825819998,"7":0.2724399671620003,"lenght":8},"4":{"0":-0.7965081752659999,"1":-0.020447494523999687,"2":0.06792466733000063,"3":-0.011509582287999698,"4":0.33109306360800084,"5":-0.5153520358660002,"6":-0.5276466989680001,"7":0.5071942133619997,"lenght":8},"5":{"0":0.5929707208940002,"1":-0.08217221077599976,"2":-0.34823477052800067,"3":0.16141026564799993,"4":-0.07996008962200041,"5":-0.5795197602080003,"6":-0.20162115338800038,"7":0.8065278090560002,"lenght":8},"6":{"0":-0.37857898353200053,"1":-0.4258428929359997,"2":-0.12222924005599964,"3":-0.2949538616040004,"4":0.2031454358760008,"5":-0.44095682332000063,"6":-0.3002960699360007,"7":-0.12436130782399957,"lenght":8},"7":{"0":-0.04146026285800042,"1":0.742126824208,"2":-0.34079932628999965,"3":-0.22487749449600006,"4":-0.08785815220400045,"5":0.675874517904,"6":-0.3716504669820006,"7":-0.03937926711800055,"lenght":8},"8":{"0":-0.5356153126219998,"1":0.480314012934,"2":0.3458911519800008,"3":-0.7557818342939999,"4":0.03832964094000063,"5":-0.8553751316680002,"6":0.5352421902679999,"7":0.08935077841400006,"lenght":8},"9":{"0":0.04162971790800012,"1":0.43661448021800003,"2":-0.75977189546,"3":-0.05600995639399947,"4":0.5517321956819997,"5":-0.25772557377600047,"6":0.3789647243399999,"7":0.43924321227600016,"lenght":8},"lenght":12},"1":{"0":{"0":0.12797538379199935,"1":0.25790351328800054,"10":0.5683946456600003,"11":0.38907600814200005,"2":-0.7239499627740001,"3":0.6701439786920003,"4":0.35795647403000075,"5":0.5156768642300007,"6":-0.27935451486,"7":0.28303069064400027,"8":0.23159449357600081,"9":-0.4825043168359997,"lenght":12},"1":{"0":0.21545128098199964,"1":0.1109579764719994,"10":0.15030745819799973,"11":-0.3437945304399998,"2":0.0955829143980007,"3":0.03533120863000039,"4":0.04208144508200057,"5":-0.7957219701320001,"6":0.71052642705,"7":0.035705987104000636,"8":-0.8380654780219999,"9":-0.5153305662980002,"lenght":12},"10":{"0":0.020141053287999956,"1":0.3271065307700002,"10":-0.6834238818439998,"11":0.2875065271900009,"2":0.41921072397599973,"3":0.30388283725400056,"4":-0.1659302874680002,"5":-0.5021981156979999,"6":0.03343461989600033,"7":0.47780228841600014,"8":0.3087797553180009,"9":-0.5402700098160004,"lenght":12},"11":{"0":-0.2685198632480002,"1":-0.3462852032360004,"10":0.4043328213140006,"11":0.24746666694,"2":-0.2181462897340008,"3":0.25149758339400075,"4":0.5881273495079998,"5":0.025192157095999618,"6":-0.8055757112879999,"7":-0.1482202988099996,"8":0.4997059785839998,"9":0.0576960606140004,"lenght":12},"2":{"0":-0.3933312479480002,"1":-0.023670104753999333,"10":-0.2829983768740007,"11":0.4030239848100001,"2":0.8553938001820001,"3":-0.6207746980580001,"4":0.37290772449200066,"5":-0.5110805393180002,"6":0.18205525533999956,"7":-0.5745192278440001,"8":0.7272600344480001,"9":-0.3267441033139997,"lenght":12},"3":{"0":-0.3036503674059999,"1":-0.37600308053399956,"10":-0.10731682717999946,"11":-0.5456633662800001,"2":-0.5025747210259998,"3":-0.6772382099580002,"4":-0.07194973337199945,"5":-0.2854002641660002,"6":0.7151278001699999,"7":-0.2599284505300008,"8":-0.1189246225619999,"9":0.27135112928799965,"lenght":12},"4":{"0":0.04664663422799953,"1":0.19078666160799945,"10":0.4069574375620002,"11":-0.0623796846379997,"2":0.31957009775600054,"3":0.1881411574659996,"4":-0.1626570331379994,"5":-0.7368447801739999,"6":0.09234368737800064,"7":0.34992153197400055,"8":0.7449049269979999,"9":0.28405790227999983,"lenght":12},"5":{"0":-0.040674973165999495,"1":-0.6953498320260001,"10":0.5512349643539999,"11":-0.08340221148399951,"2":0.26033089931800024,"3":0.011845477261999637,"4":-0.1335070636619997,"5":0.06389312596400049,"6":-0.5933534769760003,"7":0.23008317305200018,"8":-0.7848522905720001,"9":-0.37591778328200004,"lenght":12},"6":{"0":0.19066901476399972,"1":-0.011979760404000228,"10":-0.14203336248999937,"11":-0.39138290859400077,"2":0.04214639833800071,"3":-0.8903957965980001,"4":0.5139813688840005,"5":-0.6604127648439999,"6":-0.6427114982800003,"7":-0.592834520556,"8":0.4399237079639997,"9":0.5209356598280002,"lenght":12},"7":{"0":-0.4807391202200007,"1":-0.49845907159199976,"10":0.3602936839940002,"11":0.740294720904,"2":0.15345922702600062,"3":0.3688132831100003,"4":0.6736257041000002,"5":0.0037341396599998924,"6":-0.2844357974080006,"7":0.05405133457999939,"8":0.18448430889399964,"9":0.09877551789000077,"lenght":12},"8":{"0":-0.11465429566799978,"1":0.42399787101599973,"10":-0.1406686135220006,"11":-0.37299076975399964,"2":-0.11870523323199973,"3":-0.10776677377999985,"4":0.35482990019400085,"5":-0.6245696652319999,"6":-0.47185192491200045,"7":0.07009657895599952,"8":0.269500386164,"9":0.28225488874600035,"lenght":12},"9":{"0":0.4007019351020005,"1":-0.40784305144999994,"10":0.3058425157179997,"11":-0.5199274827559998,"2":-0.12209822935799974,"3":-0.30979394035399976,"4":-0.3662997263640009,"5":-0.5219615917220002,"6":-0.042929184950000754,"7":0.5331815681360004,"8":-0.13148379050199988,"9":-0.7700128975720001,"lenght":12},"lenght":12},"2":{"0":{"0":-0.11051185349600032,"1":0.11743693102399974,"10":0.5058616666160005,"11":0.20700763973000053,"2":0.022091629448000527,"3":-0.6437813170600004,"4":-0.0023731701100007108,"5":-0.4998188468200006,"6":-0.3694317688860005,"7":0.1478518651060008,"8":0.18823404524200046,"9":-0.5530951418900005,"lenght":12},"1":{"0":0.5384319906800002,"1":-0.3552405327600008,"10":-0.1759180638899996,"11":0.6674045097879999,"2":0.7025594975720002,"3":-0.6845072387020004,"4":0.611227465354,"5":0.031487263059999944,"6":-0.3608952691459997,"7":0.7741188150180001,"8":-0.4014759753980007,"9":0.341921312958001,"lenght":12},"2":{"0":0.08203485145,"1":-0.2122661180660003,"10":0.017616946018000373,"11":0.285104883,"2":0.26078562122400095,"3":-0.6797194384020004,"4":-0.39154754915799983,"5":-0.796216353712,"6":0.29230860052400076,"7":0.4869505986059999,"8":-0.021091758816000394,"9":-0.15018916650799974,