{"bestRoute":{"0":{"x":266.5359802246094,"y":165.46005249023438},"1":{"x":1372.76513671875,"y":165.3561553955078},"10":{"x":1446.1904296875,"y":802.476806640625},"11":{"x":1283.8681640625,"y":816.013916015625},"12":{"x":999.3497314453125,"y":818.022705078125},"13":{"x":684.53955078125,"y":811.8631591796875},"14":{"x":508.13812255859375,"y":804.8287353515625},"15":{"x":375.35498046875,"y":788.7039794921875},"16":{"x":392.38531494140625,"y":788.3088989257813},"17":{"x":172.69064331054688,"y":573.2680053710938},"18":{"x":159.73873901367188,"y":566.6227416992188},"19":{"x":143.5466766357422,"y":542.1435546875},"2":{"x":1393.4169921875,"y":167.31838989257813},"20":{"x":134.79356384277344,"y":492.2102355957031},"21":{"x":127.93470764160156,"y":447.5472412109375},"22":{"x":124.22735595703125,"y":377.29010009765625},"23":{"x":129.611328125,"y":334.994873046875},"24":{"x":255.5175323486328,"y":171.90621948242188},"3":{"x":1434.838134765625,"y":174.7790985107422},"4":{"x":1483.947021484375,"y":199.29551696777344},"5":{"x":1764.087646484375,"y":433.79022216796875},"6":{"x":1782.193603515625,"y":447.62689208984375},"7":{"x":1774.879638671875,"y":511.75970458984375},"8":{"x":1577.330322265625,"y":760.1717529296875},"9":{"x":1541.271484375,"y":782.8250732421875},"lenght":25},"direction":{"0":93.0},"inner":{"0":{"x":267.0,"y":252.0},"1":{"x":1386.0,"y":258.0},"10":{"x":1453.0,"y":715.0},"11":{"x":1286.0,"y":728.0},"12":{"x":997.0,"y":735.0},"13":{"x":679.0,"y":726.0},"14":{"x":493.0,"y":714.0},"15":{"x":355.0,"y":691.0},"16":{"x":331.0,"y":686.0},"17":{"x":291.0,"y":662.0},"18":{"x":261.0,"y":622.0},"19":{"x":226.0,"y":558.0},"2":{"x":1414.0,"y":262.0},"20":{"x":216.0,"y":506.0},"21":{"x":207.0,"y":453.0},"22":{"x":201.0,"y":366.0},"23":{"x":211.0,"y":298.0},"24":{"x":226.0,"y":265.0},"3":{"x":1483.0,"y":277.0},"4":{"x":1587.0,"y":326.0},"5":{"x":1662.0,"y":387.0},"6":{"x":1695.0,"y":459.0},"7":{"x":1683.0,"y":551.0},"8":{"x":1642.0,"y":647.0},"9":{"x":1558.0,"y":695.0},"lenght":25},"outer":{"0":{"x":252.0,"y":79.0},"1":{"x":1485.0,"y":72.0},"10":{"x":1747.0,"y":780.0},"11":{"x":1598.0,"y":854.0},"12":{"x":1373.0,"y":905.0},"13":{"x":528.0,"y":896.0},"14":{"x":197.0,"y":872.0},"15":{"x":146.0,"y":820.0},"16":{"x":115.0,"y":733.0},"17":{"x":76.0,"y":612.0},"18":{"x":56.0,"y":497.0},"19":{"x":46.0,"y":420.0},"2":{"x":1590.0,"y":90.0},"20":{"x":51.0,"y":312.0},"21":{"x":69.0,"y":226.0},"22":{"x":111.0,"y":144.0},"3":{"x":1663.0,"y":118.0},"4":{"x":1785.0,"y":187.0},"5":{"x":1857.0,"y":264.0},"6":{"x":1870.0,"y":329.0},"7":{"x":1871.0,"y":414.0},"8":{"x":1861.0,"y":552.0},"9":{"x":1836.0,"y":678.0},"lenght":23},"points":{"0":{"end":{"x":546.0,"y":275.0},"start":{"x":536.0,"y":43.0}},"lenght":1},"spawn":{"0":{"firstcheckpoint":0,"x":309.0,"y":165.0},"lenght":1}}