{"biases":{"0":{"0":0.5361024786673458,"1":-0.5946731872189746,"10":0.3492654701281531,"11":0.37120429961750745,"2":0.021241400001087436,"3":-0.5534423297074421,"4":0.3956215028505121,"5":-0.46900372155088743,"6":0.5219968956200776,"7":0.35048720174443276,"8":-0.08988718042526996,"9":0.4316560274942785,"lenght":12},"1":{"0":-0.1851142345198709,"1":-0.6624557096280027,"10":-0.06723486181448328,"11":-0.04766235681023766,"2":-0.014270977842960459,"3":0.702911245566717,"4":-0.31927453029271524,"5":-0.6416593216846292,"6":-0.4491583707973319,"7":0.06462351506665587,"8":0.5242821197650627,"9":-0.4399478644788483,"lenght":12},"2":{"0":0.5342342719903578,"1":-0.6552183185083656,"2":-0.32343693882414154,"3":-0.17800305704010386,"4":-0.5142693013320427,"5":-0.32569785115943767,"lenght":6},"3":{"0":-0.5214583177361736,"1":-0.3707443010822818,"2":-0.7478335998933421,"3":0.36793156160753887,"lenght":4},"lenght":4},"weights":{"0":{"0":{"0":0.4092126516985282,"1":0.07535054561904012,"2":-0.2821716945155493,"3":-0.3252931916436247,"4":-0.13321248864814192,"5":0.057146978469811385,"6":-0.1951751065470736,"7":0.03589814423870815,"lenght":8},"1":{"0":0.10909258985453066,"1":0.32895506260669266,"2":-0.5777845763415042,"3":0.16040585950294733,"4":0.12437959173722479,"5":0.47949762194012563,"6":-0.31069872704777984,"7":0.22152877794260037,"lenght":8},"10":{"0":0.16223114020898322,"1":-0.17006628240888721,"2":0.3004349654709305,"3":0.09865308323234537,"4":0.6128060370283008,"5":-0.13379896553222398,"6":0.6732076918027041,"7":-0.5710232369827684,"lenght":8},"11":{"0":0.3927345230794549,"1":0.11426559055891046,"2":-0.07139415310224258,"3":-0.7156563247735113,"4":-0.35343124613833915,"5":-0.22871085799122778,"6":-0.34783302974863417,"7":-0.169712653151023,"lenght":8},"2":{"0":0.1191877301075594,"1":-0.3793056248764381,"2":-0.4454965965327103,"3":0.05904591172049826,"4":-0.6226013023699344,"5":-0.0998004880591421,"6":-0.13024639277361544,"7":-0.7079137593415824,"lenght":8},"3":{"0":0.030767162877183493,"1":-0.48011149620706917,"2":0.2243748124806576,"3":0.11581822271549917,"4":-0.37339887957399076,"5":-0.3405678875646418,"6":0.027514905130474245,"7":0.26502619259160937,"lenght":8},"4":{"0":-0.5948468203307596,"1":-0.0485918549189037,"2":-0.010035319250936096,"3":0.09861192528079024,"4":0.31685115138712183,"5":-0.4241094188977973,"6":-0.4659852741253982,"7":0.3443103162967557,"lenght":8},"5":{"0":0.42453236059914334,"1":-0.1087441785355845,"2":-0.22969089546382176,"3":0.019782039590286894,"4":-0.009383033590389566,"5":-0.4712413500391198,"6":-0.18061011898805296,"7":0.6005725996842425,"lenght":8},"6":{"0":-0.41921704171716745,"1":-0.26205460834002625,"2":-0.2115134181910506,"3":-0.16705675760436545,"4":0.24107165588714846,"5":-0.5051856269138718,"6":-0.16092500864487702,"7":-0.19712675795893242,"lenght":8},"7":{"0":0.06391788955412558,"1":0.5585820448112401,"2":-0.3401938510301074,"3":-0.06820550815368923,"4":0.038761027909696495,"5":0.5208062683934244,"6":-0.2966948250923467,"7":0.011140408613151844,"lenght":8},"8":{"0":-0.4320862120148993,"1":0.4672649752380675,"2":0.32344076920255826,"3":-0.7638236740097042,"4":-0.02424337325465693,"5":-0.6357398643235501,"6":0.35429924336378765,"7":0.060134345906660024,"lenght":8},"9":{"0":-0.02232188439539957,"1":0.47212436507721023,"2":-0.7078055107015901,"3":0.043196854813502834,"4":0.437140914241377,"5":-0.18456948710583576,"6":0.41140408134972406,"7":0.34145830430820046,"lenght":8},"lenght":12},"1":{"0":{"0":-0.0044677217895789136,"1":0.2813449327725799,"10":0.5777436681193361,"11":0.38967891942891647,"2":-0.5940092177936075,"3":0.5756306653556188,"4":0.30845574447741475,"5":0.5323829899744004,"6":-0.20508170061949224,"7":0.15211305450700063,"8":0.22676536438172973,"9":-0.33589301280453315,"lenght":12},"1":{"0":0.105006108536186,"1":0.019506471097829284,"10":0.16960385881142748,"11":-0.18572281084727793,"2":0.10658069416087428,"3":0.1070317388653119,"4":-0.04583370808358039,"5":-0.8201999518191052,"6":0.4946707376556277,"7":0.1218273281080597,"8":-0.8554364039760408,"9":-0.524305215913521,"lenght":12},"10":{"0":0.04706054196247936,"1":0.4133016636885699,"10":-0.7014382162664355,"11":0.29072902587808547,"2":0.2504907879529816,"3":0.3788897676765291,"4":-0.2442576200893227,"5":-0.5534474316741225,"6":0.10840850604737037,"7":0.2938523789096592,"8":0.2076844535961347,"9":-0.5421419137255403,"lenght":12},"11":{"0":-0.15044004236275504,"1":-0.2208860817645857,"10":0.30968452632019783,"11":0.19774060747194244,"2":-0.1421668505460726,"3":0.2838415164032077,"4":0.44087998047022875,"5":-0.03068789737661352,"6":-0.66545034630062,"7":-0.028165470003575523,"8":0.3604571015046126,"9":-0.05945806946441322,"lenght":12},"2":{"0":-0.35213958205642576,"1":0.08020956481409595,"10":-0.2019667992798406,"11":0.4282988546396953,"2":0.8686797365164817,"3":-0.5242004869616301,"4":0.23116237558433325,"5":-0.34580532438867434,"6":0.25106167256657347,"7":-0.5770997786041759,"8":0.6204894682853711,"9":-0.3254260704359966,"lenght":12},"3":{"0":-0.3903392575096162,"1":-0.4125586585185949,"10":-0.047533921605913215,"11":-0.3448720894892176,"2":-0.32408652551196804,"3":-0.5589809842228174,"4":0.025731788455933702,"5":-0.21877626281389614,"6":0.5355099721624129,"7":-0.3490601845852991,"8":-0.022442690715891396,"9":0.301892102672879,"lenght":12},"4":{"0":0.1088505692228409,"1":0.18125026524828064,"10":0.38944233814286133,"11":-0.12388514660130433,"2":0.3690524549044925,"3":0.2336491491419041,"4":-0.07177918128924991,"5":-0.677319673014529,"6":0.09429062062884176,"7":0.19396226245364392,"8":0.5418230429112928,"9":0.25698155215465635,"lenght":12},"5":{"0":-0.09404082986446494,"1":-0.6452463603490176,"10":0.3942219932924528,"11":0.01081389428399103,"2":0.20939945382825376,"3":0.03227985373408157,"4":-0.0675049230015141,"5":0.17493270185823112,"6":-0.5468630619370114,"7":0.25264967845168484,"8":-0.7793705031497825,"9":-0.4123443384329045,"lenght":12},"6":{"0":0.23794194683751493,"1":-0.05273884053180843,"10":-0.16706079956557296,"11":-0.3244535467967443,"2":0.08934598469064632,"3":-0.7495956461701204,"4":0.3415724517008122,"5":-0.6046958757006861,"6":-0.5721228823990572,"7":-0.461523265001437,"8":0.4956464496598509,"9":0.3610698979416507,"lenght":12},"7":{"0":-0.41784644015936945,"1":-0.33223409179539554,"10":0.439192862062465,"11":0.5154231510340148,"2":0.1677900599037479,"3":0.3457988638583546,"4":0.5293808541163139,"5":-0.09377448731584387,"6":-0.16105356808013627,"7":0.022468822130915004,"8":0.11498654370072223,"9":-0.014327428338703041,"lenght":12},"8":{"0":-0.2115893799414881,"1":0.2962209251662564,"10":-0.09140310319427662,"11":-0.4472978150836333,"2":-0.08591939157872808,"3":-0.21027246261943083,"4":0.27905708394071244,"5":-0.47958419663942886,"6":-0.31483349870796773,"7":-0.025057401251451596,"8":0.12598706872423804,"9":0.2258262717222316,"lenght":12},"9":{"0":0.42693082373180163,"1":-0.4680054603275981,"10":0.18008732106134567,"11":-0.3717612173438829,"2":-0.08294998233137847,"3":-0.24446430161795213,"4":-0.392719822280264,"5":-0.3818309397129627,"6":-0.1662874262316335,"7":0.5198947066079621,"8":-0.1086407299727832,"9":-0.671241053935933,"lenght":12},"lenght":12},"2":{"0":{"0":-0.21583927980617815,"1":0.050886584203989275,"10":0.5639869139869843,"11":0.07706239536259606,"2":-0.10644974812931858,"3":-0.6626025645458381,"4":-0.1056452943921645,"5":-0.5292304297103871,"6":-0.4485665278504093,"7":0.19483186259075821,"8":0.07793208905212039,"9":-0.5403041374090362,"lenght":12},"1":{"0":0.5417859144914486,"1":-0.2706616166444799,"10":-0.2519133668325151,"11":0.5090354037233051,"2":0.7187121587524725,"3":-0.6045466236908901,"4":0.5054171690083226,"5":-0.06398096253260185,"6":-0.2836012794896632,"7":0.5528205996526555,"8":-0.24906246640396507,"9":0.38425534085228713,"lenght":12},"2":{"0":-0.02843224597156092,"1":-0.10014882905176338,"10":-0.09828438823367475,"11":0.2111271137864704,"2":0.2060587169554162,"3":-0.6899476081501106,"4":-0.4538811675777921,