{"biases":{"0":{"0":0.6633139933000001,"1":0.6637030277,"10":0.7002267057999999,"11":0.6579629023,"2":0.6748677296,"3":0.6933244259,"4":0.6646060154,"5":0.6302444094000001,"6":0.6818922559,"7":0.7067058702,"8":0.6150475965000002,"9":0.6663924905,"lenght":12},"1":{"0":0.7001368335999999,"1":0.6666669241000001,"10":0.6286567853000001,"11":0.6249750630000002,"2":0.6299250324000001,"3":0.6546655205,"4":0.6484279686000001,"5":0.7003445018,"6":0.693587096,"7":0.6598797778000001,"8":0.6787743053,"9":0.6977247043,"lenght":12},"2":{"0":0.6204069898000001,"1":0.6256340327000001,"2":0.6270615569000001,"3":0.6967976806999999,"4":0.6934078763,"5":0.6554171821,"lenght":6},"3":{"0":0.6790948546,"1":0.7065252951,"2":0.6774627242,"3":0.6732699728,"lenght":4},"lenght":4},"weights":{"0":{"0":{"0":-0.2207807647000001,"1":0.8998628141,"2":0.45737524940000013,"3":0.12801928059999998,"4":-0.8644105441000001,"5":-0.5909059133000002,"6":-0.6879772415000001,"7":-0.12527994369999992,"lenght":8},"1":{"0":0.9344413893000001,"1":0.19701136089999993,"2":0.35055303310000013,"3":0.5473816568000001,"4":-0.5054284909000001,"5":0.5761344336,"6":-0.30799101520000005,"7":0.24632998550000007,"lenght":8},"10":{"0":0.3600700536,"1":0.1878195780000001,"2":-0.5286542061000001,"3":0.9216646185000001,"4":0.5496753694000001,"5":-0.1024678104,"6":-0.4975366339,"7":-0.10049271169999996,"lenght":8},"11":{"0":-0.3662976211000001,"1":-0.6052377423,"2":-0.11929544529999994,"3":0.6213347030000002,"4":0.43602746600000014,"5":-0.13975869039999994,"6":-0.7974563888000001,"7":0.09438260520000002,"lenght":8},"2":{"0":-0.5415578182,"1":-0.8145343901000002,"2":0.4555887732,"3":0.7417561751,"4":-0.9755797272,"5":0.03020813800000008,"6":-0.543419399,"7":0.11902628829999999,"lenght":8},"3":{"0":-0.8380474525,"1":0.3397244922000001,"2":0.6089837937000001,"3":0.8477517792000002,"4":-0.4638830173000001,"5":-0.7600378653000001,"6":-0.5532853185000001,"7":-0.3599121467,"lenght":8},"4":{"0":-0.5656750512000001,"1":0.8375899309,"2":0.0746071338999999,"3":0.22541440480000008,"4":0.45743565280000004,"5":0.6948815276,"6":-0.6056139037,"7":0.9763770421,"lenght":8},"5":{"0":-0.8776071115000001,"1":-0.3380608705,"2":-0.26048966589999994,"3":-0.19378396710000007,"4":0.1783251983,"5":0.650019319,"6":0.21154601840000015,"7":0.6177673801,"lenght":8},"6":{"0":-0.41926343590000004,"1":0.45113479160000003,"2":-0.7709764448,"3":0.5266568369000001,"4":-0.01015707030000007,"5":-0.9611442085999999,"6":0.39093476040000014,"7":0.43604711240000016,"lenght":8},"7":{"0":0.8535802836000002,"1":-0.5608298107,"2":0.5642988916000001,"3":0.4966972664,"4":0.2871323241,"5":0.5170135731000001,"6":-0.4737148803,"7":-0.8270427271,"lenght":8},"8":{"0":0.5393551392,"1":0.08264388879999993,"2":-0.5378766871,"3":0.34379079199999996,"4":-0.14222294830000007,"5":0.9110094093000001,"6":0.19141946929999998,"7":0.11242157540000004,"lenght":8},"9":{"0":-0.793299826,"1":0.47492980349999997,"2":0.6951376083000002,"3":0.6320253723,"4":-0.7067992423,"5":0.3771836268000001,"6":0.7765443876000001,"7":-0.6390626782000002,"lenght":8},"lenght":12},"1":{"0":{"0":-0.2768400337000001,"1":0.3817011729,"10":-0.5800449561,"11":-0.2767523471,"2":-0.8243359800000002,"3":-0.9505183448000001,"4":0.7715207509,"5":0.7957614491000001,"6":0.45289790890000003,"7":-0.8188038796,"8":0.34429363869999996,"9":0.8413612751,"lenght":12},"1":{"0":-0.05662483199999993,"1":-0.27458876619999995,"10":0.0774581680000001,"11":-0.6157758697000001,"2":-0.7739176441000001,"3":0.8854026341000001,"4":-0.14584745659999993,"5":-0.20162239769999998,"6":0.7585368745000002,"7":-0.3604589878000001,"8":0.13504452649999996,"9":-0.27153809300000004,"lenght":12},"10":{"0":0.1746951347,"1":-0.8602743488000001,"10":0.8341295473,"11":-0.7363825708000001,"2":-0.08857535800000005,"3":-0.9577285997,"4":-0.7699493349000002,"5":0.733600009,"6":-0.47927429210000017,"7":0.7149971623,"8":-0.6933963980000001,"9":-0.8409508852,"lenght":12},"11":{"0":0.9427714118,"1":0.45912186440000013,"10":0.8336855533,"11":-0.26819418989999994,"2":-0.7484698220000001,"3":0.7169249478,"4":0.8392782317,"5":-0.3976098658,"6":0.5486211576000001,"7":0.8103021309000001,"8":-0.44035023749999996,"9":-0.43164765140000005,"lenght":12},"2":{"0":-0.9036935912,"1":-0.2714547360000001,"10":-0.05408513969999999,"11":-0.3072657474000001,"2":-0.1768960918,"3":-0.2181676507000001,"4":-0.11347839650000001,"5":-0.46723930650000006,"6":0.43255904749999996,"7":0.4284332051000001,"8":0.4292135017000001,"9":0.5314747027000001,"lenght":12},"3":{"0":0.22773615179999995,"1":-0.1781872308000001,"10":0.39670348169999997,"11":-0.7115475355000002,"2":0.01118200819999994,"3":-0.3857185742,"4":-0.4655743205000001,"5":0.8111370521000001,"6":-0.3654709213000001,"7":0.5063008475999999,"8":0.9855482859,"9":0.20186306980000013,"lenght":12},"4":{"0":0.031240672200000038,"1":-0.4960080086,"10":0.5493442917,"11":0.9617701475,"2":-0.41475488800000004,"3":0.20153683389999993,"4":-0.3850461016000001,"5":0.46320328,"6":-0.41673903580000016,"7":-0.16073969279999994,"8":-0.9317514560000001,"9":0.01611650760000005,"lenght":12},"5":{"0":-0.7293711636000002,"1":-0.6545966608000001,"10":-0.24660110999999993,"11":0.9288599321,"2":-0.8447966473999999,"3":0.18684233809999995,"4":-0.7958703229,"5":-0.3791301519,"6":-0.2274234093000001,"7":-0.8506341710000002,"8":0.2804342526000001,"9":-0.8414897658000001,"lenght":12},"6":{"0":0.8601472863000001,"1":-0.43432039610000006,"10":0.425071815,"11":-0.9266865783,"2":0.2304124149,"3":-0.23305279249999994,"4":0.3305426737,"5":0.39136753180000006,"6":0.4113996720000001,"7":0.9480349811000001,"8":-0.7196404767000001,"9":-0.36185521600000004,"lenght":12},"7":{"0":0.36909969920000013,"1":0.6845844145000001,"10":-0.899824633,"11":-0.6640456925000001,"2":0.42982536420000006,"3":-0.7881517568,"4":-0.6985474427000001,"5":-0.5623303441,"6":-0.451629974,"7":0.6880813937000001,"8":0.5663246304,"9":0.1923250138000001,"lenght":12},"8":{"0":0.2949464972000001,"1":-0.03224804220000008,"10":0.719608321,"11":0.5986962098000002,"2":0.3205717717,"3":-0.2486192502,"4":-0.5109861728,"5":0.052222296900000006,"6":-0.5055076828999999,"7":-0.07583888650000001,"8":-0.8355980992000002,"9":-0.6430952679,"lenght":12},"9":{"0":-0.5437277361000001,"1":-0.10674037170000002,"10":-0.6528960100000001,"11":0.07584324820000002,"2":0.49473119089999995,"3":-0.6821165776,"4":-0.9893439525,"5":-0.1614453588,"6":0.28419684419999997,"7":0.7122557468000003,"8":0.8011390557,"9":-0.4192261564000001,"lenght":12},"lenght":12},"2":{"0":{"0":0.1853925641000001,"1":-0.29864535369999995,"10":-0.43234749540000006,"11":-0.4526765215000001,"2":-0.6108571666000002,"3":0.5268172061,"4":0.5986260466000001,"5":0.12194513370000007,"6":0.8061688504000001,"7":-0.5058966103,"8":-0.3385577040000001,"9":0.053024087599999936,"lenght":12},"1":{"0":-0.007106847899999968,"1":0.4266755516000001,"10":-0.6851743591,"11":-0.0955338355000001,"2":0.3456969781,"3":0.4959233301000001,"4":-0.19339950060000008,"5":-0.7702731549,"6":0.6138134643,"7":-0.4980267077,"8":-0.280471024,"9":0.10421486209999996,"lenght":12},"2":{"0":-0.6744793278000001,"1":0.03248426589999991,"10":-0.4715050127,"11":-0.39650796299999996,"2":-0.26539980270000013,"3":-0.7151661357000002,"4":-0.3709664182000001,"5":0.1447597088,"6":0.08025104640000005,"7":0.10192614589999997,"8":0.5136143551,"9":0.28389387980000014,"lenght":12},"3":{"0":-0.6419093513,"1":-0.6370845271000001,"10":-0.11249232209999993,"11":0.8120272528000001,"2":-0.09240457329999999,"3":-0.09946705529999991,"4":-0.7195604395,"5":0.6652479313,"6":-0.07989194160000004,"7":-0.07816728740000006,"8":0.6141751180999999,"9":0.26330503660000004,"lenght":12},"4":{"0":0.42653188170000006,"1":0.46057277750000003,"10":-0.7426061887,"11":0.1538473041000001,"2":0.6965005450999999,"3":0.019812492899999996,"4":-0.32121236040000006,"5":-0.5614221788000001,"6":0.3587786574000001,"7":-0.385940053,"8":0.5938137223000001,"9":0.7791304899000001,"lenght":12},"5":{"0":-0.03835816600000004,"1":-0.42760350709999995,