{"biases":{"0":{"0":0.70995604134,"1":-0.66187261476,"10":0.15557745126000003,"11":-0.6792918073199999,"2":-0.25586841588,"3":-0.26463028199999994,"4":0.42187926732000003,"5":0.38290116199999996,"6":-0.7422154730199999,"7":0.1573510722,"8":0.5527074835799999,"9":0.08322569332000002,"lenght":12},"1":{"0":-0.49932833271999993,"1":0.48345382204,"10":0.5973113512799999,"11":0.62694966376,"2":0.48201257678,"3":-0.051608412799999975,"4":-0.04181396940000004,"5":0.46759175764000005,"6":0.10983079589999994,"7":0.18998056657999993,"8":-0.012577814199999982,"9":0.7667158147600001,"lenght":12},"2":{"0":0.013991684700000041,"1":0.06256157669999995,"2":-0.529301619,"3":-0.17784600791999994,"4":0.25566197733999996,"5":0.7146247138799999,"lenght":6},"3":{"0":-0.45520442240000003,"1":0.3407061545999999,"2":-0.78266565384,"3":-0.37215655777999995,"lenght":4},"lenght":4},"weights":{"0":{"0":{"0":-0.22196095107999997,"1":-0.35266338426000005,"2":-0.0012175094199999847,"3":-0.22907447528,"4":0.32409907464,"5":-0.5605172578,"6":0.15939040404,"7":0.6873862174400001,"lenght":8},"1":{"0":-0.21794594858000005,"1":-0.49150096869999993,"2":-0.5372161208799999,"3":0.22410772232,"4":0.2432807352199999,"5":-0.22330584256000002,"6":-0.56667709128,"7":-0.42025573902,"lenght":8},"10":{"0":-0.53362385422,"1":0.16547707492000008,"2":-0.44172768602,"3":-0.014922630580000096,"4":-0.6269707319,"5":-0.83643661778,"6":-0.02396586464,"7":0.17442754962000007,"lenght":8},"11":{"0":-0.37638285126000004,"1":-0.036729681319999985,"2":0.3283544811999999,"3":-0.6057980909199999,"4":-0.10563986395999997,"5":-0.05736197103999996,"6":-0.6175568032599998,"7":0.25232005445999994,"lenght":8},"2":{"0":-0.8410237215,"1":0.3972591875,"2":0.7270430351199999,"3":0.57965521264,"4":0.59678657274,"5":-0.45306851291999983,"6":0.73408179988,"7":0.27268873327999993,"lenght":8},"3":{"0":0.06591241112000001,"1":-0.74097680488,"2":-0.19840332667999996,"3":-0.16875721249999998,"4":0.11417178124000005,"5":0.76367412598,"6":-0.3504692587599999,"7":0.2391108301599999,"lenght":8},"4":{"0":-0.7234663654800001,"1":0.09617010106000001,"2":-0.38868388448,"3":-0.9117104229999999,"4":0.35745284326,"5":0.2230633874000001,"6":0.52779868864,"7":-0.34763623608000005,"lenght":8},"5":{"0":0.2064192883599999,"1":0.27696232882000005,"2":0.0800512468800001,"3":-0.28547708361999996,"4":-0.70762062094,"5":0.43147415741999995,"6":0.24836717875999997,"7":-0.59994434244,"lenght":8},"6":{"0":0.19345623772000003,"1":0.06736708172000005,"2":-0.4579322601399999,"3":0.06676570508000013,"4":-0.25787853839999997,"5":0.3744293003799999,"6":-0.6891886937999999,"7":0.43955676551999984,"lenght":8},"7":{"0":0.36847538830000004,"1":-0.25426912628,"2":-0.71284357872,"3":-0.5528299376599999,"4":-0.5143721074999998,"5":-0.22208994327999998,"6":0.36566065453999996,"7":-0.33308160514000007,"lenght":8},"8":{"0":-0.03394008158000003,"1":0.4129767704800001,"2":0.7507308646599999,"3":-0.49288723832000003,"4":-0.17765984072000002,"5":0.11000931436,"6":-0.6011005811799999,"7":-0.6911176595599999,"lenght":8},"9":{"0":-0.18260546402,"1":0.05843042774000001,"2":-0.13483787533999997,"3":0.05037391644,"4":-0.30737252204000004,"5":0.5613861712599999,"6":-0.12961355774000005,"7":0.7654837160999999,"lenght":8},"lenght":12},"1":{"0":{"0":0.09748174708000001,"1":-0.22067931225999995,"10":-0.07210878974000007,"11":0.08024574747999991,"2":0.17155627266000004,"3":0.6421578942599999,"4":0.31239776265999986,"5":-0.003591651320000111,"6":-0.1619418431,"7":0.24510679280000003,"8":0.14647173089999999,"9":0.2340491601,"lenght":12},"1":{"0":-0.59635762842,"1":-0.44023141532,"10":-0.5660935020000001,"11":0.6859333597999999,"2":0.30667054936,"3":-0.30364062454000007,"4":-0.13793651852000005,"5":0.09287061393999996,"6":-0.70819767728,"7":0.10871491079999995,"8":-0.2254526708000001,"9":0.6478149009,"lenght":12},"10":{"0":-0.05461001518000003,"1":-0.4555645059,"10":-0.6675689652999999,"11":0.5217068387599999,"2":0.35626486005999997,"3":-0.74352374246,"4":0.40204250144,"5":-0.25271259323999995,"6":0.4282103872799999,"7":-0.28310037479999994,"8":-0.13853528152000005,"9":0.73764081442,"lenght":12},"11":{"0":0.33440144312000003,"1":0.5109016279,"10":0.04462415309999995,"11":-0.30760586322,"2":-0.12203918936000002,"3":-0.61600518078,"4":-0.31962711182,"5":-0.1359806305400001,"6":-0.91420596404,"7":0.57515652244,"8":0.011921145699999955,"9":0.62569967214,"lenght":12},"2":{"0":0.61910665896,"1":0.06381705593999995,"10":0.7460522730999999,"11":-0.03665361527999994,"2":-0.25622920396000004,"3":-0.7527913946,"4":-0.23411026104000004,"5":-0.41389495988,"6":0.58398116196,"7":-0.41692851396,"8":0.35552572786000003,"9":-0.36258280431999995,"lenght":12},"3":{"0":0.21832554435999996,"1":-0.56910980936,"10":-0.7342562459799999,"11":-0.47406402296,"2":-0.2572468224799999,"3":-0.4566229636799999,"4":0.61919621998,"5":0.41466728100000005,"6":0.5579227837999999,"7":0.2334614843599998,"8":0.36919273492,"9":-0.31652690578000003,"lenght":12},"4":{"0":-0.5561562918399999,"1":-0.15099705541999997,"10":-0.4510871290999999,"11":-0.11183316399999987,"2":-0.030149112160000047,"3":-0.021386068439999906,"4":-0.50482528626,"5":0.13263714788000003,"6":-0.3282527082200001,"7":0.7341042655,"8":-0.77204579576,"9":-0.17765901937999995,"lenght":12},"5":{"0":0.24030288997999993,"1":0.3121737935000001,"10":0.34710730875999996,"11":-0.5308405783399999,"2":-0.38728191731999995,"3":0.09682861784000002,"4":0.43779099057999993,"5":-0.87634988218,"6":0.3523318704,"7":0.34147340319999997,"8":-0.5039596911199999,"9":0.79860794072,"lenght":12},"6":{"0":0.24043209095999996,"1":0.20675298535999997,"10":-0.55303651824,"11":-0.23636418167999995,"2":0.62357777568,"3":-0.2963954134800001,"4":0.28678294881999977,"5":0.60057839754,"6":-0.5724365436400001,"7":0.4332495502,"8":-0.51516178962,"9":0.37327121344000014,"lenght":12},"7":{"0":-0.72036874546,"1":-0.67500946442,"10":0.20164278605999997,"11":0.29397726190000006,"2":-0.45980304833999996,"3":-0.67405767338,"4":-0.007311615959999962,"5":-0.14616728323999995,"6":-0.20769083737999994,"7":-0.48778583317999996,"8":0.46356337810000003,"9":0.16488411314000007,"lenght":12},"8":{"0":0.12113423095999987,"1":-0.26474558289999994,"10":0.47965855881999997,"11":-0.56192367606,"2":-0.45926957286000003,"3":0.58387454124,"4":0.003885252440000153,"5":0.7924377358999999,"6":0.4198908311599999,"7":0.58147421124,"8":-0.2899295181,"9":0.28414836748,"lenght":12},"9":{"0":-0.029616367139999933,"1":-0.47387798482000004,"10":0.56814657084,"11":-0.24054930717999998,"2":0.21874876834000012,"3":0.22174473743999998,"4":0.17841612183999989,"5":0.22719201074,"6":-0.49021944424,"7":0.20620424421999994,"8":0.61338254674,"9":-0.37519959977999995,"lenght":12},"lenght":12},"2":{"0":{"0":-0.09257242229999996,"1":0.7533748563599999,"10":0.23060497044,"11":0.10694975983999988,"2":0.5040399686200001,"3":-0.775750693,"4":-0.37829201826,"5":-0.08941752993999996,"6":-0.8230835251799999,"7":0.2497412618199999,"8":0.42963896450000005,"9":0.32533806114,"lenght":12},"1":{"0":-0.38267533946,"1":-0.5522138258,"10":0.6606113322400001,"11":-0.49083552544,"2":0.01407428054000004,"3":0.42778547117999993,"4":-0.37903924552,"5":0.5452040379599999,"6":-0.40631539829999996,"7":-0.4550883403199999,"8":-0.1372596785400001,"9":0.2081057488,"lenght":12},"2":{"0":-0.64440011442,"1":-0.19811722242000002,"10":0.29359341681999995,"11":-0.7172467188,"2":-0.28785105594,"3":0.86157802722,"4":0.01773677105999999,"5":-0.81040931796,"6":0.3076256339,"7":0.6787212165999998,"8":-0.50277759334,"9":-0.48285463544000007,"lenght":12},"3":{"0":0.29902783461999993,"1":0.56088965368,"10":-0.24798239141999978,"11":-0.021271140139999978,"2":0.0723743054799999,"3":0.042246559760000024,"4":-0.32654939238,"5":-0.60469783128,"6":-0.55882391794,"7":-0.23706786260000004,"8":-0.09893189602000008,"9":-0.50046987676,"lenght":12},"4":{"0":0.62113416162,"1":-0.11554092047999998,"10":0.56754539456,"11":0.049408030300000016,"2":0.42464051954000004,"3":-0.2675026241199999,