{"biases":{"0":{"0":0.5367593051144602,"1":-0.5947788649459205,"10":0.35036818314730034,"11":0.3715927546521596,"2":0.021134043672760207,"3":-0.5544885116390811,"4":0.39573399844896107,"5":-0.4687822283532407,"6":0.5219215897238013,"7":0.350223253828261,"8":-0.09019557999126118,"9":0.43189314988216065,"lenght":12},"1":{"0":-0.18572802261048132,"1":-0.6623356789369397,"10":-0.06646651315764099,"11":-0.04834872410233993,"2":-0.013477270199159695,"3":0.7042259802229398,"4":-0.3195519089456609,"5":-0.6426346487313606,"6":-0.45010031490824004,"7":0.06561179628494071,"8":0.5253706852383009,"9":-0.4407707371920403,"lenght":12},"2":{"0":0.53524827592228,"1":-0.6549037083146804,"2":-0.3244420974976391,"3":-0.17760608633644034,"4":-0.514536248278321,"5":-0.32655694334278035,"lenght":6},"3":{"0":-0.5223975066268003,"1":-0.37193387335763933,"2":-0.74874927067802,"3":0.3688211732207595,"lenght":4},"lenght":4},"weights":{"0":{"0":{"0":0.4103282096722003,"1":0.07519692016120133,"2":-0.2818638595110604,"3":-0.3253322906162409,"4":-0.13265814323737934,"5":0.05751879878859995,"6":-0.19554356944652007,"7":0.036035835672380515,"lenght":8},"1":{"0":0.10841029342996068,"1":0.3292645988875802,"2":-0.5781439198953995,"3":0.16031666675169903,"4":0.12456220215538015,"5":0.4803889712153409,"6":-0.3101417338216015,"7":0.22221062182042073,"lenght":8},"10":{"0":0.16318422177675987,"1":-0.17071446143432148,"2":0.3014896141510815,"3":0.09923368877512043,"4":0.6127383592395403,"5":-0.13392239315738136,"6":0.673247238176881,"7":-0.5708123175122807,"lenght":8},"11":{"0":0.3925997587261811,"1":0.11349045810901956,"2":-0.0707506953175602,"3":-0.7154798773889002,"4":-0.353346091521861,"5":-0.22982347047169938,"6":-0.34884736330594,"7":-0.1706509679769999,"lenght":8},"2":{"0":0.11935109990146084,"1":-0.37995737028272075,"2":-0.44631124005076095,"3":0.058268265822320656,"4":-0.6237127347066409,"5":-0.09910144485800017,"6":-0.13040944250411954,"7":-0.7080978478974799,"lenght":8},"3":{"0":0.03128686981700044,"1":-0.47992632301007926,"2":0.22551016076342092,"3":0.11520364244194117,"4":-0.3743028536696603,"5":-0.3399506879986405,"6":0.028125075866340526,"7":0.26446621733094033,"lenght":8},"4":{"0":-0.5957142066614209,"1":-0.04846857897587959,"2":-0.009287847962899068,"3":0.0984206446494397,"4":0.3169491138389608,"5":-0.4249505296234206,"6":-0.4656389587621604,"7":0.34464526818494057,"lenght":8},"5":{"0":0.425817256637781,"1":-0.10852698353511965,"2":-0.22917927753936118,"3":0.01971888547376066,"4":-0.00936074475114071,"5":-0.47080925984096084,"6":-0.18141477350756044,"7":0.6002485164787212,"lenght":8},"6":{"0":-0.41971067367284026,"1":-0.26201322629432056,"2":-0.21219088766871924,"3":-0.16648992111548097,"4":0.24170987297212052,"5":-0.5051887345284002,"6":-0.16082850144432134,"7":-0.19743926994687927,"lenght":8},"7":{"0":0.0641492194135391,"1":0.5596037897209609,"2":-0.3400838241922997,"3":-0.06734037183152083,"4":0.03921953882251897,"5":0.5216550470564808,"6":-0.2975894119943409,"7":0.010298326187339266,"lenght":8},"8":{"0":-0.4330203642411403,"1":0.4668916285125801,"2":0.3239175720426008,"3":-0.7640128380757799,"4":-0.02422903354219913,"5":-0.6361161736111612,"6":0.35421861737316085,"7":0.06009208552018021,"lenght":8},"9":{"0":-0.022759114640039567,"1":0.47219748244965987,"2":-0.7076984346102003,"3":0.044153153717219965,"4":0.43737707796334035,"5":-0.1852682532851208,"6":0.4128047000757997,"7":0.3408189559201206,"lenght":8},"lenght":12},"1":{"0":{"0":-0.004367689380959883,"1":0.28245001198056036,"10":0.5780631788642002,"11":0.38957149662354,"2":-0.5949273637733807,"3":0.5763963264220408,"4":0.3084042806861009,"5":0.5323452757001005,"6":-0.20561668070820038,"7":0.1522249952802809,"8":0.22772849539112075,"9":-0.3358970067873205,"lenght":12},"1":{"0":0.10585020615434025,"1":0.019276370810639945,"10":0.17041449083225965,"11":-0.18676565552280064,"2":0.10637697138626055,"3":0.10731580278809998,"4":-0.04571662307865906,"5":-0.82070127173484,"6":0.4958706598735011,"7":0.1226847544204801,"8":-0.8561908470991398,"9":-0.5243182977392602,"lenght":12},"10":{"0":0.04796882608055983,"1":0.41385403332989973,"10":-0.7024734638442798,"11":0.2907763112153008,"2":0.25099800813912065,"3":0.3788776364509801,"4":-0.24517013783715977,"5":-0.5543364591372596,"6":0.10811619414951992,"7":0.29511789426192103,"8":0.2080866725266613,"9":-0.5417562683799203,"lenght":12},"11":{"0":-0.15087272100576077,"1":-0.22144204073532098,"10":0.309384742983181,"11":0.19776667985780025,"2":-0.14300718650858107,"3":0.28443164957278044,"4":0.4419727477319606,"5":-0.03018460786648005,"6":-0.6658126479405606,"7":-0.027822857124700257,"8":0.36142606946808054,"9":-0.05916761340581907,"lenght":12},"2":{"0":-0.3533143523347604,"1":0.07943737592402005,"10":-0.20151844654038104,"11":0.4283863750047,"2":0.86861494185834,"3":-0.5239827308304607,"4":0.23145506970804128,"5":-0.34524916798666105,"6":0.2507110712257993,"7":-0.57851265210428,"8":0.6218353383897607,"9":-0.32538101518317974,"lenght":12},"3":{"0":-0.38992880960321946,"1":-0.41335653998457944,"10":-0.047424004686599824,"11":-0.34535378638360115,"2":-0.3234962046526207,"3":-0.5587089466434608,"4":0.026705872426359967,"5":-0.2193403385244205,"6":0.5353791034879009,"7":-0.3484280198011002,"8":-0.021763599048940402,"9":0.30251323568055954,"lenght":12},"4":{"0":0.1085971675183593,"1":0.1812929506789596,"10":0.39001016207894024,"11":-0.12326521575505944,"2":0.36901987322772023,"3":0.23462352151541943,"4":-0.07218376881005993,"5":-0.6787598168513802,"6":0.09526956001886053,"7":0.19429766773738127,"8":0.542047046968261,"9":0.2564832629436,"lenght":12},"5":{"0":-0.09498918595441927,"1":-0.6450199116026203,"10":0.3947847735279807,"11":0.010831186928919947,"2":0.20881206840666047,"3":0.03147696585793959,"4":-0.06733034842594006,"5":0.17425559844867985,"6":-0.5472906161091204,"7":0.25324016755524004,"8":-0.7803867738576401,"9":-0.41272350843533984,"lenght":12},"6":{"0":0.2391648971646795,"1":-0.05199411967147999,"10":-0.16643918672629932,"11":-0.325515744036781,"2":0.08942246141406038,"3":-0.7496606661402607,"4":0.34202981626908124,"5":-0.6058623755942802,"6":-0.5731477325436006,"7":-0.46123116028372074,"8":0.49673891082867944,"9":0.36187343471036093,"lenght":12},"7":{"0":-0.4172884820314009,"1":-0.33159900164504064,"10":0.43974672831477973,"11":0.5169306624664811,"2":0.16836284887262046,"3":0.34580186934570034,"4":0.5291218926870009,"5":-0.09428653395579961,"6":-0.1615197208249612,"7":0.022144483684599633,"8":0.11455480705778005,"9":-0.014147438995698758,"lenght":12},"8":{"0":-0.2111627976711593,"1":0.2957505316639204,"10":-0.09126356386414078,"11":-0.4467467523459793,"2":-0.08567723911183994,"3":-0.21108168316859935,"4":0.27989936006878113,"5":-0.4805689404118406,"6":-0.3144446534734412,"7":-0.024535774828279927,"8":0.12570027644268075,"9":0.2260376207890206,"lenght":12},"9":{"0":0.4277832809387403,"1":-0.46769405390149965,"10":0.1794149173146604,"11":-0.37282630583772053,"2":-0.08228111808145999,"3":-0.2446885940279801,"4":-0.3928919504166806,"5":-0.3813781531781409,"6":-0.16587461886650004,"7":0.5206113283583204,"8":-0.10794782395674002,"9":-0.6719298757076406,"lenght":12},"lenght":12},"2":{"0":{"0":-0.21517213734151974,"1":0.051340796890880114,"10":0.5643851029359201,"11":0.0776011545051011,"2":-0.1056544549202389,"3":-0.6628318923622003,"4":-0.10674017153570009,"5":-0.5305273570134004,"6":-0.44991763241082,"7":0.19463793546222044,"8":0.07750856242054097,"9":-0.5402564812643005,"lenght":12},"1":{"0":0.5416720081516002,"1":-0.2703799987212011,"10":-0.2530656637842993,"11":0.5086727142555607,"2":0.7185573571676401,"3":-0.6055050358507407,"4":0.5060759116579805,"5":-0.06497353319779955,"6":-0.28441015535702013,"7":0.5528296070056612,"8":-0.24886849629626134,"9":0.38372213917346065,"lenght":12},"2":{"0":-0.028254150938499437,"1":-0.09966897365742085,"10":-0.09832285666433908,"11":0.21168921353000034,"2":0.2056574934648811,"3":-0.6901120876297403,"4":-0.45418124766745954,"5":-0.79520966754944,