{"biases":{"0":{"0":0.3600000000000001,"1":0.8799999999999999,"2":0.52,"3":-0.74,"4":0.52,"5":-0.5800000000000001,"6":0.8400000000000001,"7":-0.28,"lenght":8},"1":{"0":-0.42000000000000004,"1":0.8200000000000001,"2":0.8999999999999999,"3":-0.16000000000000003,"4":0.06000000000000005,"5":0.1200000000000001,"6":-0.020000000000000018,"7":-0.38,"lenght":8},"2":{"0":-0.4,"1":-0.26,"10":0.76,"11":-0.7,"2":-0.5800000000000001,"3":-0.64,"4":0.72,"5":0.17999999999999994,"6":0.9199999999999999,"7":0.3400000000000001,"8":0.5,"9":0.10000000000000009,"lenght":12},"3":{"0":0.54,"1":-0.18000000000000005,"10":0.6799999999999999,"11":0.0,"12":0.1200000000000001,"13":-0.040000000000000036,"14":-0.64,"15":-0.48,"2":0.6599999999999999,"3":0.8400000000000001,"4":-0.16000000000000003,"5":-0.33999999999999997,"6":-0.14,"7":-0.88,"8":-0.24,"9":0.6399999999999999,"lenght":16},"4":{"0":0.76,"1":-0.06000000000000005,"2":0.0,"3":-0.21999999999999997,"lenght":4},"lenght":5},"weights":{"0":{"0":{"0":0.8999999999999999,"1":0.28,"2":0.06000000000000005,"3":0.8600000000000001,"4":0.8600000000000001,"5":0.6399999999999999,"6":0.8400000000000001,"7":0.5800000000000001,"lenght":8},"1":{"0":-0.86,"1":0.8400000000000001,"2":-0.56,"3":-0.14,"4":-0.6599999999999999,"5":-0.06000000000000005,"6":-0.48,"7":-0.74,"lenght":8},"2":{"0":0.8600000000000001,"1":0.7,"2":-0.6,"3":-0.88,"4":-1.0,"5":0.8799999999999999,"6":-0.62,"7":-0.09999999999999998,"lenght":8},"3":{"0":0.19999999999999996,"1":0.08000000000000007,"2":0.8799999999999999,"3":-0.07999999999999996,"4":0.6799999999999999,"5":0.040000000000000036,"6":-0.18000000000000005,"7":-0.38,"lenght":8},"lenght":4},"1":{"0":{"0":0.30000000000000004,"1":0.32000000000000006,"2":0.5800000000000001,"3":0.6399999999999999,"4":-0.72,"5":0.1399999999999999,"6":0.9199999999999999,"7":0.17999999999999994,"lenght":8},"1":{"0":-0.16000000000000003,"1":0.3600000000000001,"2":0.32000000000000006,"3":-0.16000000000000003,"4":0.26,"5":-0.26,"6":-0.19999999999999996,"7":-0.54,"lenght":8},"2":{"0":0.8400000000000001,"1":-0.31999999999999995,"2":-0.5800000000000001,"3":-0.43999999999999995,"4":-0.24,"5":0.24,"6":-0.76,"7":0.17999999999999994,"lenght":8},"3":{"0":-0.84,"1":0.76,"2":0.43999999999999995,"3":-0.26,"4":0.21999999999999997,"5":0.30000000000000004,"6":-0.5,"7":-0.45999999999999996,"lenght":8},"4":{"0":0.6599999999999999,"1":-0.92,"2":0.21999999999999997,"3":-0.020000000000000018,"4":0.21999999999999997,"5":-0.8200000000000001,"6":-0.8200000000000001,"7":0.10000000000000009,"lenght":8},"5":{"0":0.56,"1":0.5,"2":-0.020000000000000018,"3":-0.18000000000000005,"4":-0.76,"5":0.78,"6":-0.6799999999999999,"7":0.1200000000000001,"lenght":8},"6":{"0":0.5,"1":0.78,"2":-0.26,"3":-0.72,"4":-0.94,"5":-0.020000000000000018,"6":0.45999999999999996,"7":-0.78,"lenght":8},"7":{"0":0.78,"1":-0.09999999999999998,"2":-0.040000000000000036,"3":0.020000000000000018,"4":0.24,"5":0.45999999999999996,"6":-0.4,"7":-0.07999999999999996,"lenght":8},"lenght":8},"2":{"0":{"0":-0.38,"1":0.98,"10":-0.4,"11":-0.28,"2":-0.52,"3":0.9199999999999999,"4":0.76,"5":0.8400000000000001,"6":0.040000000000000036,"7":0.28,"8":0.6200000000000001,"9":-0.18000000000000005,"lenght":12},"1":{"0":0.8,"1":-0.94,"10":0.21999999999999997,"11":0.10000000000000009,"2":-0.06000000000000005,"3":0.6000000000000001,"4":-1.0,"5":-0.040000000000000036,"6":0.6599999999999999,"7":0.26,"8":0.45999999999999996,"9":-0.74,"lenght":12},"2":{"0":0.1200000000000001,"1":-0.84,"10":-0.12,"11":-0.24,"2":-0.020000000000000018,"3":-0.8200000000000001,"4":0.30000000000000004,"5":0.98,"6":-0.19999999999999996,"7":-0.040000000000000036,"8":0.96,"9":-0.6799999999999999,"lenght":12},"3":{"0":-0.84,"1":-0.020000000000000018,"10":-0.74,"11":-0.19999999999999996,"2":-0.96,"3":-0.18000000000000005,"4":0.8,"5":-0.36,"6":0.54,"7":0.6200000000000001,"8":0.74,"9":-0.5,"lenght":12},"4":{"0":-0.5,"1":0.9199999999999999,"10":0.5,"11":-0.18000000000000005,"2":0.10000000000000009,"3":0.0,"4":-0.8200000000000001,"5":-0.6799999999999999,"6":-0.9,"7":0.30000000000000004,"8":0.52,"9":0.10000000000000009,"lenght":12},"5":{"0":-0.88,"1":0.3400000000000001,"10":0.72,"11":-0.48,"2":0.8,"3":-0.92,"4":0.6799999999999999,"5":0.72,"6":-0.16000000000000003,"7":-0.12,"8":-0.30000000000000004,"9":0.94,"lenght":12},"6":{"0":0.6200000000000001,"1":0.26,"10":0.3600000000000001,"11":-0.42000000000000004,"2":0.17999999999999994,"3":-0.5800000000000001,"4":-0.19999999999999996,"5":0.43999999999999995,"6":0.21999999999999997,"7":-0.6599999999999999,"8":-0.6,"9":-0.6799999999999999,"lenght":12},"7":{"0":-0.36,"1":-0.5,"10":0.8799999999999999,"11":0.54,"2":-0.07999999999999996,"3":0.19999999999999996,"4":-0.36,"5":0.45999999999999996,"6":-0.96,"7":-0.24,"8":-0.18000000000000005,"9":-0.12,"lenght":12},"lenght":8},"3":{"0":{"0":0.5800000000000001,"1":-0.020000000000000018,"10":0.24,"11":0.26,"12":0.040000000000000036,"13":0.28,"14":-0.98,"15":-0.09999999999999998,"2":0.7,"3":0.98,"4":-0.6599999999999999,"5":0.06000000000000005,"6":0.6000000000000001,"7":-0.020000000000000018,"8":-0.4,"9":0.56,"lenght":16},"1":{"0":0.19999999999999996,"1":0.9199999999999999,"10":0.8,"11":0.6399999999999999,"12":0.26,"13":-0.38,"14":-0.020000000000000018,"15":0.8799999999999999,"2":-0.56,"3":-0.16000000000000003,"4":0.7,"5":0.8999999999999999,"6":0.19999999999999996,"7":0.41999999999999993,"8":-0.86,"9":0.1200000000000001,"lenght":16},"10":{"0":-0.18000000000000005,"1":0.45999999999999996,"10":-0.21999999999999997,"11":-0.48,"12":-0.78,"13":-0.56,"14":0.28,"15":-0.6799999999999999,"2":-0.98,"3":0.41999999999999993,"4":-0.7,"5":-0.98,"6":0.96,"7":0.96,"8":-0.76,"9":0.06000000000000005,"lenght":16},"11":{"0":-0.6599999999999999,"1":0.78,"10":0.52,"11":-0.6,"12":-0.62,"13":0.040000000000000036,"14":0.76,"15":-0.76,"2":0.020000000000000018,"3":0.48,"4":0.48,"5":-0.12,"6":0.21999999999999997,"7":-0.94,"8":0.74,"9":0.24,"lenght":16},"2":{"0":-0.36,"1":-0.31999999999999995,"10":-0.33999999999999997,"11":-0.84,"12":-0.42000000000000004,"13":0.72,"14":-0.9,"15":0.78,"2":-0.09999999999999998,"3":0.0,"4":-0.21999999999999997,"5":0.54,"6":0.020000000000000018,"7":0.3999999999999999,"8":0.1200000000000001,"9":-0.74,"lenght":16},"3":{"0":-0.31999999999999995,"1":0.5800000000000001,"10":-0.7,"11":-0.6799999999999999,"12":-0.6799999999999999,"13":-0.6599999999999999,"14":0.26,"15":-1.0,"2":-0.36,"3":0.41999999999999993,"4":-0.48,"5":-0.12,"6":-0.16000000000000003,"7":-0.33999999999999997,"8":-0.98,"9":0.7,"lenght":16},"4":{"0":0.020000000000000018,"1":-0.84,"10":0.08000000000000007,"11":0.94,"12":0.6799999999999999,"13":0.17999999999999994,"14":0.72,"15":0.41999999999999993,"2":0.0,"3":-0.14,"4":0.72,"5":-0.96,"6":-0.74,"7":0.8799999999999999,"8":0.3400000000000001,"9":0.96,"lenght":16},"5":{"0":-0.24,"1":0.3999999999999999,"10":0.6799999999999999,"11":0.8,"12":-0.31999999999999995,"13":-0.06000000000000005,"14":-0.16000000000000003,"15":-0.24,"2":-0.16000000000000003,"3":0.28,"4":-0.7,"5":-0.26,"6":0.0,"7":0.3600000000000001,"8":-0.56,"9":-0.6599999999999999,"lenght":16},"6":{"0":-0.84,"1":0.8600000000000001,"10":-0.78,"11":-0.43999999999999995,"12":0.06000000000000005,"13":0.0,"14":0.020000000000000018,"15":-0.14,"2":0.6200000000000001,"3":-0.07999999999999996,"4":-0.06000000000000005,"5":0.8799999999999999,"6":-0.19999999999999996,"7":-0.72,"8":-0.12,"9":0.8799999999999999,"lenght":16},"7":{"0":0.43999999999999995,"1":0.8799999999999999,"10":-0.06000000000000005,"11":0.30000000000000004,"12":-0.14,"13":0.78,"14":-0.94,"15":0.020000000000000018,"2":0.17999999999999994,"3":0.74,"4":-0.38,"5":0.21999999999999997,"6":-0.86,"7":-0.9,"8":0.5800000000000001,"9":-0.12,"lenght":16},"8":{"0":-0.31999999999999995,"1":0.6799999999999999,"10":0.10000000000000009,"11":0.76,"12":-0.74,"13":-0.88,"14":0.6599999999999999,"15":0.72,"2":0.94,"3":0.6200000000000001,"4":-0.4,"5":0.78,"6":-0.040000000000000036,"7":0.48,"8":0.6599999999999999,"9":-0.78,"lenght":16},"9":{"0":0.040000000000000036,"1":-0.14,"10":-0.98,