{"biases":{"0":{"0":0.4009877066484365,"1":-0.35719549721309296,"10":0.16605340631740803,"11":0.35801120806381304,"2":-0.146397755574135,"3":-0.41772136787355807,"4":0.36124448408792065,"5":-0.3726808890298268,"6":0.34761081892312096,"7":0.3198563404807334,"8":-0.03072839111918172,"9":0.19144720357715447,"lenght":12},"1":{"0":0.041808811199551876,"1":-0.5416386126526913,"10":-0.25352284592673935,"11":0.1535810845795928,"2":-0.036592023919233614,"3":0.5805595843766436,"4":-0.22281162395079634,"5":-0.27612785554289604,"6":-0.4413685948505556,"7":-0.025810093184600102,"8":0.39384989164022716,"9":-0.3399297171944917,"lenght":12},"2":{"0":0.5951213570939388,"1":-0.4372690106591232,"2":-0.23217802132383694,"3":-0.06034019109700311,"4":-0.2099587429136865,"5":-0.1872461910895548,"lenght":6},"3":{"0":-0.5699276254276072,"1":-0.38807124447840813,"2":-0.5174184380032985,"3":0.12815039954824228,"lenght":4},"lenght":4},"weights":{"0":{"0":{"0":0.30766866168624096,"1":0.06838238651128584,"2":-0.13652804049110165,"3":-0.29115819836271,"4":-0.0834974512023293,"5":0.12190250283404619,"6":-0.15135491614222205,"7":-0.19045124976962255,"lenght":8},"1":{"0":-0.1088058017922192,"1":0.321268195538809,"2":-0.4938439817442808,"3":0.022010586732199272,"4":0.16174507522967718,"5":0.4127442634265384,"6":-0.02628985002938999,"7":0.2513463810594957,"lenght":8},"10":{"0":0.1695237752941291,"1":-0.09414549477308347,"2":0.18850786963142155,"3":0.15071951533693742,"4":0.5863781054863659,"5":-0.11489358589544273,"6":0.610268200939761,"7":-0.4015109535402259,"lenght":8},"11":{"0":0.21374479373687333,"1":0.2324580444859659,"2":0.1432908057993457,"3":-0.6024593389416837,"4":-0.3015456019284814,"5":-0.21717005401344153,"6":-0.2948304857348537,"7":-0.21015052740648088,"lenght":8},"2":{"0":0.009237623114671373,"1":-0.22625237254391856,"2":-0.49242448469764377,"3":0.15089782336083446,"4":-0.5694519839206745,"5":-0.20864114896850636,"6":-0.2445781676205949,"7":-0.5665980881435564,"lenght":8},"3":{"0":0.11216010002210527,"1":-0.35372365303838355,"2":0.10181055499527687,"3":0.12627364735370417,"4":-0.45630060612661716,"5":-0.20308915598387042,"6":-0.15436401110872694,"7":0.06902774210468773,"lenght":8},"4":{"0":-0.6109593303106271,"1":0.08426966541141755,"2":-0.011991501684501586,"3":0.13494251379775316,"4":0.14808525422183705,"5":-0.37765330020399757,"6":-0.2994924518281223,"7":0.20080059941236483,"lenght":8},"5":{"0":0.32380295518182356,"1":-0.1326200543614228,"2":-0.09349033408413521,"3":0.03672843110095264,"4":-0.05256896875617646,"5":-0.3591669505142517,"6":-0.28734641416875084,"7":0.2711642375765596,"lenght":8},"6":{"0":-0.24646052970412569,"1":-0.31957069854240366,"2":-0.2649680656069045,"3":0.05146068384419041,"4":0.1680376485070355,"5":-0.4494549401585838,"6":-0.031373258250256796,"7":-0.03143696571646909,"lenght":8},"7":{"0":-0.05544210742175613,"1":0.3976668994428699,"2":-0.39171879153833816,"3":-0.08814776219110225,"4":0.060204332526434756,"5":0.30790460555312577,"6":-0.1905649994597141,"7":0.03253153482718143,"lenght":8},"8":{"0":-0.3874156148887276,"1":0.3759559314724025,"2":0.3229532741821637,"3":-0.7146006841974919,"4":-0.06658369737158455,"5":-0.437991121568713,"6":0.2825739788752634,"7":0.16966334366310845,"lenght":8},"9":{"0":-0.047866437752433946,"1":0.40802972268684984,"2":-0.6418802358742353,"3":-0.06732004003096338,"4":0.3120368799030359,"5":-0.21589172535288625,"6":0.4468204181380069,"7":0.3257641728916033,"lenght":8},"lenght":12},"1":{"0":{"0":0.15765131733782997,"1":0.38756186292227734,"10":0.36460643336700205,"11":0.31522593929343806,"2":-0.45479769066017,"3":0.35840709758733263,"4":0.32908928970421847,"5":0.2852651909151711,"6":0.012790613603944383,"7":0.07832618177442073,"8":0.2837462111084653,"9":-0.2705148380286772,"lenght":12},"1":{"0":-0.041303302376210396,"1":-0.12378928992466179,"10":0.11817063482731184,"11":-0.15219780246299314,"2":0.22338553271338438,"3":0.11636629245596752,"4":0.023575344808877553,"5":-0.536967782611481,"6":0.374380296680496,"7":0.01936024300505064,"8":-0.6806659337201335,"9":-0.5379189649178288,"lenght":12},"10":{"0":-0.09721895871878793,"1":0.2637493565344996,"10":-0.42648943648376547,"11":0.24115900118010805,"2":0.08817209135996305,"3":0.29075214518074977,"4":-0.200890449669673,"5":-0.31473158993910366,"6":0.1876295485704389,"7":0.27322966077736593,"8":0.32052625390796685,"9":-0.25933826818593275,"lenght":12},"11":{"0":-0.0184332377146129,"1":-0.07308333706989543,"10":0.1340833183447122,"11":0.248946961884405,"2":0.09060165400572605,"3":0.23024470470214517,"4":0.20680746483650045,"5":0.08923082039792134,"6":-0.4362516835231836,"7":-0.10029409285749175,"8":0.15208965626295085,"9":-0.04057498233409701,"lenght":12},"2":{"0":-0.46285968326233073,"1":0.18848432273475652,"10":-0.03982258124615769,"11":0.3288013773074096,"2":0.7748211267722138,"3":-0.3827067388450494,"4":0.012480871689585178,"5":-0.1279829617676978,"6":0.17155560294075906,"7":-0.4182886682271766,"8":0.46681269407088527,"9":-0.3822513316238812,"lenght":12},"3":{"0":-0.3093427803241984,"1":-0.2835955165945213,"10":0.025645441955503535,"11":-0.32337891581102035,"2":-0.2358979855591624,"3":-0.610914434038025,"4":-0.030509867405796236,"5":-0.3142776343358698,"6":0.3889533028781617,"7":-0.2426382389954633,"8":-0.09253257531621495,"9":0.13276327132827181,"lenght":12},"4":{"0":0.24156744853542939,"1":0.08147306615251004,"10":0.3290213058230854,"11":-0.17359033146949424,"2":0.3637972466003138,"3":0.3070616602131029,"4":-0.008674029477498933,"5":-0.48823115424759284,"6":0.07749696280648403,"7":0.21131686588410567,"8":0.27964729836181257,"9":0.06176632600833553,"lenght":12},"5":{"0":-0.15500221640067935,"1":-0.5402011992041444,"10":0.2587406354794163,"11":0.09418975299981747,"2":0.26883247415998424,"3":0.11692057234341055,"4":-0.018811701247185703,"5":0.3108085461658076,"6":-0.3045475346384425,"7":0.39316980354956105,"8":-0.6448021744499839,"9":-0.25760364971760463,"lenght":12},"6":{"0":0.28139204302517007,"1":-0.12011756182799536,"10":-0.1365699012439628,"11":-0.27706961924545614,"2":-0.08711780257836134,"3":-0.5412669627234264,"4":0.32165166538218865,"5":-0.6483535763561281,"6":-0.5170097908993959,"7":-0.41239870334707596,"8":0.34432059558810035,"9":0.2708967736949919,"lenght":12},"7":{"0":-0.35744629001498146,"1":-0.2408608878504716,"10":0.3495599974458985,"11":0.2737356916976896,"2":0.09411280824727919,"3":0.06563401352646625,"4":0.19445242946680028,"5":-0.05865902750922487,"6":-0.17912108579938432,"7":-0.03286874042126839,"8":0.2310392138451097,"9":-0.21889241309419236,"lenght":12},"8":{"0":0.021232638627647425,"1":0.09859572908017017,"10":-0.06266133248780709,"11":-0.48545047058972735,"2":-0.2331228019970519,"3":-0.1487059949471387,"4":0.36421334413379136,"5":-0.3320674591030076,"6":-0.40307356603871064,"7":-0.06031391149739778,"8":-0.0012489559730356982,"9":0.20344463922926478,"lenght":12},"9":{"0":0.3772315734798551,"1":-0.2766614609222009,"10":0.14071306912535803,"11":-0.33986900860019764,"2":-0.06200914158239376,"3":-0.1392996195541908,"4":-0.2902002120012731,"5":-0.2938198434000651,"6":-0.20637394031924378,"7":0.3756768759244739,"8":-0.17268558162593706,"9":-0.6105331196982816,"lenght":12},"lenght":12},"2":{"0":{"0":-0.1410722248101001,"1":0.058136273987208026,"10":0.4100346499408192,"11":-0.029499649741761638,"2":-0.16290282848504295,"3":-0.6982524047536124,"4":-0.08537685319606246,"5":-0.5766926016606987,"6":-0.21845842462763465,"7":-0.0032321569465872703,"8":0.17617552569869668,"9":-0.4381685537113181,"lenght":12},"1":{"0":0.34831778754301446,"1":-0.21961862340720162,"10":-0.1955636583115391,"11":0.185330385388749,"2":0.46353227097331245,"3":-0.6066106520945586,"4":0.4079106552366715,"5":-0.04729687949995346,"6":-0.09731245260143928,"7":0.41804695058643754,"8":-0.0655142336890736,"9":0.2302597279485205,"lenght":12},"2":{"0":0.05911817856632739,"1":-0.14443903471644767,"10":0.04410493605546274,"11":0.04122427527804578,"2":0.2050626854919277,"3":-0.7228255424798837,