{"biases":{"0":{"0":0.7096195134,"1":0.1153953486,"10":-0.1731853913999999,"11":-0.4598542003999999,"2":-0.15821783739999984,"3":-0.2760113411999999,"4":0.19130402060000007,"5":0.2630867204000001,"6":0.23581078920000004,"7":0.2711197524,"8":0.4623966032000001,"9":-0.12510052380000003,"lenght":12},"1":{"0":0.823470865,"1":-0.3803991393999999,"10":0.4175730244000001,"11":-0.35032113759999994,"2":0.2990054284000001,"3":-0.4186721447999999,"4":-0.246223866,"5":-0.1687344946,"6":0.44928363340000005,"7":0.4235425082,"8":-0.2965782175999999,"9":-0.14165486439999986,"lenght":12},"2":{"0":0.5162015264,"1":-0.27558743520000006,"2":0.9057739725999999,"3":-0.3842509636,"4":-0.32874145779999986,"5":0.30902196219999994,"lenght":6},"3":{"0":-0.4488955617999999,"1":-0.2875003838,"2":-0.13752747259999998,"3":0.6886652136,"lenght":4},"lenght":4},"weights":{"0":{"0":{"0":-0.21461907619999998,"1":0.16189722960000008,"2":0.1547267014,"3":0.8171522976,"4":0.3829812246,"5":0.5912871336,"6":0.7918839138,"7":-0.07706716120000007,"lenght":8},"1":{"0":-0.6446823939999999,"1":0.7013172513999999,"2":-0.3575352734,"3":-0.5752004933999999,"4":-0.1889930668,"5":-0.46384985440000004,"6":-0.5353640768,"7":-0.6180363046,"lenght":8},"10":{"0":0.024985623600000118,"1":-0.37252719679999996,"2":-0.6014682028,"3":-0.46011511639999997,"4":0.3218278016,"5":0.004019544600000036,"6":0.14196120340000004,"7":0.10655615259999995,"lenght":8},"11":{"0":0.35743908620000003,"1":-0.7309117037999999,"2":0.47260312080000005,"3":0.03565081619999999,"4":-0.09701935999999994,"5":0.20734962719999994,"6":-0.25244803720000003,"7":-0.40015795519999997,"lenght":8},"2":{"0":-0.18456850300000002,"1":-0.22441022160000001,"2":0.8242623926,"3":-0.47142609679999997,"4":0.5249851270000001,"5":-0.2889554447999999,"6":-0.24843743659999995,"7":-0.34318795960000004,"lenght":8},"3":{"0":0.1946541684,"1":0.46837335259999996,"2":0.45093179279999995,"3":-0.8524263356,"4":0.3387957229999998,"5":0.6422692942,"6":-0.3872805345999999,"7":-0.4523004604,"lenght":8},"4":{"0":-0.13583347479999996,"1":0.026969059600000067,"2":-0.6411481628,"3":-0.8578522501999999,"4":-0.741220914,"5":0.469735751,"6":0.026603481400000017,"7":-0.4669033066,"lenght":8},"5":{"0":0.1055758966,"1":0.054591102199999963,"2":-0.6745809072,"3":-0.6154171702,"4":0.13174124780000007,"5":-0.11994498400000003,"6":0.8340694179999999,"7":-0.6538272552,"lenght":8},"6":{"0":0.3136447944,"1":0.6493318105999999,"2":-0.4577304578,"3":-0.09784718579999999,"4":0.6408992586,"5":-0.012167894399999962,"6":0.1719648546,"7":0.1745534270000001,"lenght":8},"7":{"0":-0.30327164900000003,"1":-0.8595804584,"2":0.10312709279999999,"3":-0.346475926,"4":0.5216888358,"5":-0.0036305490000000107,"6":-0.7282534936,"7":0.7053782538,"lenght":8},"8":{"0":0.2018614034,"1":-0.42040165499999993,"2":0.27804889779999997,"3":0.3316404908,"4":-0.5121430111999999,"5":-0.47582472800000003,"6":0.6727371842,"7":0.3504328853999999,"lenght":8},"9":{"0":0.0927663742,"1":0.605156277,"2":0.534538608,"3":-0.259492378,"4":-0.6372658127999999,"5":-0.020869079799999968,"6":-0.4737967389999999,"7":0.3073789815999999,"lenght":8},"lenght":12},"1":{"0":{"0":0.2794760557999999,"1":0.5927762854,"10":-0.5663211716,"11":-0.32990593960000003,"2":0.3180578453999998,"3":-0.2395383205999998,"4":0.44977198139999996,"5":-0.7908874645999999,"6":-0.3021305442,"7":-0.321400217,"8":-0.017867920000000037,"9":0.24583066059999992,"lenght":12},"1":{"0":0.18544184960000004,"1":0.10880484199999997,"10":-0.8450010236,"11":0.3401967282,"2":-0.08625512340000002,"3":0.25794538379999987,"4":-0.4193226366,"5":0.24729683940000008,"6":0.15631032139999995,"7":-0.5838517716,"8":0.0634205941999999,"9":-0.07968425019999992,"lenght":12},"10":{"0":-0.08022287460000002,"1":-0.4107303148,"10":-0.617345888,"11":0.50123932,"2":0.051853575000000096,"3":-0.36299480440000004,"4":-0.11865119299999993,"5":-0.5001165664,"6":-0.7466842824,"7":-0.7153804818,"8":0.1924947218,"9":0.5341296547999999,"lenght":12},"11":{"0":0.24547715359999997,"1":-0.6582360233999999,"10":0.4294056088,"11":-0.20883726800000002,"2":0.35882504700000006,"3":-0.2135175764,"4":0.6943625952,"5":-0.04066675520000018,"6":0.14906033520000006,"7":0.11919437360000007,"8":0.850476829,"9":0.822422601,"lenght":12},"2":{"0":-0.07641874480000001,"1":0.382805504,"10":-0.13386583959999998,"11":-0.49757079400000004,"2":0.07026212919999997,"3":0.03652593039999996,"4":0.38315063959999995,"5":-0.42216484639999996,"6":-0.1897952058000002,"7":-0.02785041179999992,"8":0.19913433180000006,"9":-0.016214467600000004,"lenght":12},"3":{"0":-0.33510193220000006,"1":-0.08047348960000011,"10":-0.033209809999999965,"11":-0.013287082999999977,"2":0.6580289890000001,"3":0.8060301477999999,"4":-0.3421199361999999,"5":0.4262307116,"6":-0.38287579179999987,"7":0.2433219134000001,"8":-0.4079644464,"9":-0.15260802240000004,"lenght":12},"4":{"0":-0.8177882888,"1":-0.2828994886,"10":-0.7814307662,"11":-0.8401379475999999,"2":0.28938403960000003,"3":0.5216323053999999,"4":-0.29206084600000004,"5":0.036383015999999935,"6":0.09935192640000001,"7":0.28352040919999993,"8":-0.6852885872000001,"9":0.25761405559999995,"lenght":12},"5":{"0":0.052972103399999915,"1":-0.2527030792,"10":-0.4919893312,"11":0.4415981622,"2":0.018534533399999997,"3":-0.37237067199999996,"4":0.3560824531999999,"5":0.771191588,"6":-0.29594146460000004,"7":-0.748019479,"8":-0.19828190159999998,"9":-0.5233895827999999,"lenght":12},"6":{"0":0.6778411288,"1":-0.4863422287999999,"10":-0.48058334179999995,"11":-0.4952042806,"2":-0.4195570316,"3":-0.8256004234,"4":0.30704974880000013,"5":0.6972331598,"6":-0.35736461360000005,"7":0.30626145999999993,"8":0.1548565639999998,"9":-0.536980574,"lenght":12},"7":{"0":0.23892533620000006,"1":0.04276858459999994,"10":0.7600298586,"11":0.34931052199999996,"2":0.3058390214000001,"3":0.16363674899999991,"4":-0.054094465599999975,"5":0.05340825520000003,"6":0.46502169560000006,"7":0.37187763779999994,"8":-0.3622948239999999,"9":-0.7439208782,"lenght":12},"8":{"0":0.49327070979999993,"1":-0.37638871319999995,"10":-0.5150146964,"11":-0.6104220884,"2":0.646291043,"3":-0.32948829899999993,"4":0.09422170540000008,"5":0.36882460600000005,"6":0.2091098631999998,"7":-0.35641427299999984,"8":0.57700527,"9":-0.49592427419999996,"lenght":12},"9":{"0":0.33183177840000005,"1":-0.22885641579999996,"10":0.03724798959999989,"11":0.33445304439999995,"2":0.07183937299999987,"3":0.09568834240000001,"4":0.04516301020000002,"5":0.7532560312,"6":-0.2059930454,"7":0.5010883464000001,"8":-0.33245249,"9":0.7878459774,"lenght":12},"lenght":12},"2":{"0":{"0":0.2782020808,"1":-0.12544143960000004,"10":0.3175320225999999,"11":-0.2450401284,"2":0.09181454020000002,"3":-0.34594434419999986,"4":0.3645637559999999,"5":0.44216334719999995,"6":-0.5595380178,"7":0.797879475,"8":0.5323057581999999,"9":0.21347959679999995,"lenght":12},"1":{"0":-0.09328108319999995,"1":-0.14299082379999994,"10":0.39502032300000006,"11":0.4542551041999999,"2":-0.841753259,"3":0.522066858,"4":-0.03698550739999998,"5":0.2111322289999999,"6":0.024922995599999997,"7":0.5810748278,"8":-0.3721505046,"9":-0.36707728260000005,"lenght":12},"2":{"0":-0.2539145506,"1":-0.05877815059999997,"10":0.951274408,"11":-0.6839056854,"2":-0.557332331,"3":-0.22161768519999997,"4":0.023493778600000015,"5":0.6444491039999999,"6":0.406404277,"7":-0.7163041405999999,"8":-0.3604694413999999,"9":-0.36325829,"lenght":12},"3":{"0":-0.4555720486,"1":-0.496740717,"10":0.30604754879999996,"11":-0.5994247334,"2":0.6614966823999999,"3":-0.5777433975999999,"4":0.16473888119999996,"5":0.5340287049999999,"6":-0.8362606332,"7":0.47198069080000005,"8":0.32956077399999995,"9":-0.7320138922,"lenght":12},"4":{"0":0.3626412296,"1":0.7159705444,"10":0.5708839201999999,"11":0.015431832400000123,"2":0.8051729886000001,"3":0.552490725,"4":-0.3655838454,"5":0.31419331159999997,"6":0.12974583060000006,"7":0.2395016054000001,"8":0.6379380537999999,"9":-0.1830636076,"lenght":12},"5":{"0":0.019908390599999937,"1":0.31381109139999996,