{"biases":{"0":{"0":0.5609834930941358,"1":0.6460892440802366,"10":1.2053449344810798,"11":1.262174832826937,"2":0.7713216132202696,"3":0.8617213276970173,"4":0.8797907057885146,"5":1.083438252523756,"6":1.0621077402471477,"7":1.2413678297134523,"8":1.2837950555482975,"9":1.2497261634375285,"lenght":12},"1":{"0":0.6870489271747687,"1":0.7100068677277834,"10":0.8576703204411718,"11":0.7593806444696608,"2":0.6904162005965301,"3":0.7062390409795346,"4":0.602436539786234,"5":0.6883431553071556,"6":0.6542599344182445,"7":0.6937223999250458,"8":0.7223742279854205,"9":0.7592939294049735,"lenght":12},"2":{"0":0.704664591438486,"1":0.6669781844866626,"2":0.6436483951400392,"3":0.6543604325519103,"4":0.6603163080132103,"5":0.6469393004560753,"lenght":6},"3":{"0":-4.475586568020162e-16,"1":-3.0878077872387166e-16,"2":-0.011109319900314853,"3":0.7,"lenght":4},"lenght":4},"weights":{"0":{"0":{"0":-0.29330731939686133,"1":-0.4056112221036907,"10":-0.7285042402083186,"11":0.19983696823585873,"12":-0.5288366542650432,"13":0.2930737185362553,"14":0.6959173713191454,"15":0.22484334557713423,"2":0.8154494698389751,"3":-0.835738025428969,"4":-1.0275969826852507,"5":0.5436234229095136,"6":0.6557309313688661,"7":0.6035519916165492,"8":0.5269560502163815,"9":0.7430015526729674,"lenght":16},"1":{"0":-0.1238678239971516,"1":-0.027458664751099367,"10":0.5362835683535725,"11":0.414132556171539,"12":-0.4264786476394385,"13":-0.8279653762627923,"14":0.7166230779767986,"15":0.7263477096734906,"2":-0.5094989216914418,"3":-0.3944451097031359,"4":0.6145372658282859,"5":-0.04468096105676529,"6":-0.9511614711621253,"7":0.710512914281757,"8":0.09348714786913419,"9":-0.0840961061066709,"lenght":16},"10":{"0":-0.3739956731842238,"1":0.576417923376375,"10":0.639012249957294,"11":1.2383060193787299,"12":0.3382180372518446,"13":-0.6700551290622387,"14":0.6575998380333989,"15":0.6608287239812451,"2":0.6133662729334965,"3":-0.6247473478885469,"4":-0.24990138444186724,"5":0.8737243260104982,"6":0.3143996514358666,"7":-0.15312743107842694,"8":0.7134666973015332,"9":0.4870052838304476,"lenght":16},"11":{"0":0.6271680214573706,"1":0.3835463169296789,"10":0.3157609965578643,"11":-0.12744578746362112,"12":-0.16622075987431292,"13":0.6138244028002943,"14":0.07528703957929134,"15":0.17224798367632244,"2":0.11937527984257051,"3":-0.10486795410794895,"4":1.2903012187480263,"5":0.34969629411044373,"6":-0.395795862811863,"7":-0.36236279060303533,"8":0.21074117253869912,"9":0.6498121790082936,"lenght":16},"2":{"0":-0.7339752483056857,"1":-0.024976104525234518,"10":0.26936134804576717,"11":-0.7521659727326679,"12":-0.053301165000703254,"13":0.48661114372363334,"14":-0.6554308324784606,"15":-0.5000346018485833,"2":0.19634847395528526,"3":0.4914944965176715,"4":0.8514634841138555,"5":-0.3019568099688588,"6":0.4113315422198774,"7":0.7801115128155421,"8":0.8433176796863849,"9":0.7211763645751669,"lenght":16},"3":{"0":0.5942643614945429,"1":-0.24830065288363093,"10":-0.3322524615052292,"11":1.05610766406858,"12":-0.8127700144204648,"13":0.05864251850095566,"14":0.9502316338374418,"15":0.4286622222420516,"2":-0.5677768465043223,"3":0.3253934885742687,"4":0.6870077958137103,"5":0.7706696043380399,"6":0.7474598532810482,"7":-0.6450208262059316,"8":-0.053963935884405116,"9":-0.17906999836927676,"lenght":16},"4":{"0":-0.24237535237443972,"1":-0.736870688191943,"10":0.06941695988305865,"11":0.9446259416958298,"12":0.0984206085191,"13":0.4707044054621523,"14":-0.03716911481410912,"15":-0.6008487209264918,"2":0.22493260283859395,"3":0.176366979823262,"4":0.3941272209514272,"5":0.31197682784352543,"6":0.7134483963676139,"7":0.7349682209191737,"8":-0.9315054430047105,"9":0.7026936583774774,"lenght":16},"5":{"0":0.4667507811992452,"1":-0.3985834371220263,"10":0.3910212758541568,"11":-0.7271760608015921,"12":-0.6341839207965305,"13":0.5191185120127807,"14":-0.07000016038399531,"15":-0.1731623739142114,"2":-0.6866882516767887,"3":-0.6479797413396428,"4":-0.10816794351136459,"5":-0.29561428665087236,"6":0.9508207815129477,"7":-0.9168482807400677,"8":-0.935324028441732,"9":1.0125291992368317,"lenght":16},"6":{"0":0.7684985024035887,"1":-0.22492644076210858,"10":-0.7057487392093076,"11":0.31502949685305476,"12":-0.31214013307666155,"13":0.16120288910198147,"14":0.14945266720236716,"15":-0.11670586373834765,"2":0.6683454201029726,"3":0.9035887025166728,"4":-0.017806993564228102,"5":1.0320487445654771,"6":0.40712063359466216,"7":-0.9333844304627739,"8":0.7118912594758797,"9":0.399770285896121,"lenght":16},"7":{"0":0.11877844647662131,"1":-0.5379598027940122,"10":-0.6080015830683017,"11":0.6250749555349022,"12":-0.49957872157025107,"13":-0.21012031198434028,"14":0.23867027357697534,"15":-0.5971543132911152,"2":-0.20318010988461238,"3":0.31910492788813916,"4":0.9614581883385516,"5":0.7995477852231998,"6":0.2539232377744224,"7":0.7173141066959579,"8":-0.475563750910715,"9":-0.3195174868115663,"lenght":16},"8":{"0":-0.3055332242404282,"1":0.06836282690634729,"10":0.3675910602756307,"11":1.0551363809068297,"12":0.12882580603683955,"13":0.528904663578706,"14":0.3345302665446976,"15":0.8371977187312971,"2":-0.2299010068215056,"3":-0.46444387894582906,"4":1.2577918597761528,"5":0.39463353346465213,"6":-0.5346212323894942,"7":0.7071158784743633,"8":0.9945834621951566,"9":1.0653633915824763,"lenght":16},"9":{"0":-0.34550435180729444,"1":0.08587185553117473,"10":0.007239596253282132,"11":-0.5708016178779288,"12":-0.3848355492524561,"13":-0.42663179605980517,"14":0.9446295531676667,"15":0.42339577127592526,"2":-0.4061851392685754,"3":0.10700867807026104,"4":1.0999549203820158,"5":0.52874801130811,"6":0.6725277092722414,"7":0.9041873879808163,"8":-0.8224193490290154,"9":0.921099442444546,"lenght":16},"lenght":12},"1":{"0":{"0":-0.2613661939496054,"1":-0.35,"10":-0.7091691761384952,"11":0.28242869779111646,"2":0.8978717902836111,"3":-0.7510569612720442,"4":-0.9562254313663927,"5":0.6358420502577464,"6":0.7289129584383797,"7":0.6382307047238511,"8":0.5263941291495724,"9":0.7501931639930776,"lenght":12},"1":{"0":-0.47,"1":-0.52,"10":-0.9177287059605621,"11":0.7345696879454127,"2":0.7,"3":-0.5193897268826138,"4":-0.10245685695580665,"5":-0.01,"6":-0.48,"7":-0.36,"8":0.65,"9":-0.01,"lenght":12},"10":{"0":-0.6992650454464153,"1":0.31,"10":-0.729035753142544,"11":0.9894614615033075,"2":0.7970065264230378,"3":0.5852669980978449,"4":1.2099601633787989,"5":0.8844522239669708,"6":0.30831253067254205,"7":-0.29898598281402466,"8":-0.0334444525904809,"9":-0.46563831594841026,"lenght":12},"11":{"0":-0.5543182897205357,"1":-0.05,"10":-0.13460208554317848,"11":-0.37591649340420985,"2":0.12773697690354746,"3":-0.7770639971329627,"4":-0.16518638020446294,"5":0.3223313046599214,"6":0.14909917408647735,"7":0.6626592307967134,"8":-0.06357192695645425,"9":0.0014222940300718558,"lenght":12},"2":{"0":0.26,"1":-0.49,"10":0.1578245061135843,"11":0.4456233141095941,"2":-0.04,"3":-0.5405845326113066,"4":0.9627755148433998,"5":-0.61,"6":-0.84,"7":-0.36,"8":-0.74,"9":-0.05,"lenght":12},"3":{"0":0.6377162942985215,"1":0.15,"10":-0.8439597685763837,"11":0.9268426570278823,"2":-0.24390035190884046,"3":0.6213096054898816,"4":-0.806781982544347,"5":-0.8868165536019499,"6":0.7607437402115438,"7":0.7093198176642828,"8":0.3850841111326933,"9":0.921241280609301,"lenght":12},"4":{"0":0.18740594545470157,"1":-0.89,"10":-0.5346002833924333,"11":0.7636499609995696,"2":-0.7514265739642049,"3":-0.41224012596449655,"4":0.6543854563651749,"5":-0.8669479395322577,"6":0.7463630499833539,"7":-1.0676103571296587,"8":-0.030878384594246876,"9":-0.9335811658538585,"lenght":12},"5":{"0":-0.014732118192543277,"1":0.93,"10":-0.23010269572882897,"11":-0.2739283245469468,"2":0.4020229297290082,"3":0.09991097527053962,"4":0.8365586154371489,"5":0.47762859416196957,"6":0.5824009918029818,"7":0.0001776539993369776,"8":-0.4882745698995991,"9":-0.6949031899964986,"lenght":12},"6":{"0":0.6650236336594277,"1":-0.06,"10":-0.12283194064871104,"11":-0.8682428873645899,"2":0.8102884111989441,