{"biases":{"0":{"0":0.8612103513966964,"1":0.9549725299421217,"10":0.6952577955828948,"11":0.698620898335111,"2":0.9878383284793169,"3":0.7375327585164043,"4":0.7152249688384161,"5":0.7372060592632145,"6":0.7291592466042446,"7":0.7022496866304337,"8":0.6854546420017689,"9":0.6966370062809885,"lenght":12},"1":{"0":0.8041640838442589,"1":0.42306569013147916,"10":1.0483477921991238,"11":0.9966791571508443,"2":0.017579876596667866,"3":0.20825049280772487,"4":0.7097166601851445,"5":0.8820975948337035,"6":1.4576049389477166,"7":1.0700029231523611,"8":0.927627593053007,"9":0.3893359061495872,"lenght":12},"2":{"0":1.081526403692994,"1":3.5142192243252244,"2":1.8433199822643056,"3":1.4473603890519986,"4":1.0573873563597527,"5":0.9525344633387655,"lenght":6},"3":{"0":0.14999835979760678,"1":1.2521759158969528,"2":0.38314203924580914,"3":-0.8202586927402133,"lenght":4},"lenght":4},"weights":{"0":{"0":{"0":0.12073950384757308,"1":-0.8051896181244995,"2":0.766462932112629,"3":-0.8260838065679673,"4":0.35737437677132056,"5":0.10392843197395474,"6":0.045081461755510734,"7":0.48448962388357136,"lenght":8},"1":{"0":-0.06357039565400645,"1":0.6846829964407718,"2":0.19062169697150141,"3":0.3077425975084324,"4":-0.36754990888902034,"5":-0.6340558977291814,"6":-0.6365789735458035,"7":-0.3919632380275429,"lenght":8},"10":{"0":-0.3235696643697922,"1":0.2732393959293561,"2":-0.3266135759437307,"3":-0.32211809242041695,"4":0.9225496630001788,"5":0.7802353177086117,"6":-0.7302499014463626,"7":0.18671723703816512,"lenght":8},"11":{"0":-0.787294151267397,"1":-0.936904925879425,"2":0.6630869197330058,"3":0.9885745044280441,"4":0.9813660993849582,"5":-0.9791803823567647,"6":-0.20729344130272154,"7":0.08981644884840743,"lenght":8},"2":{"0":-0.9133445934938282,"1":-0.6736851495281926,"2":0.4894985371890163,"3":0.6801595224547784,"4":0.004337811206069829,"5":-0.1058883351347366,"6":-0.5401798673745292,"7":0.6936933537493678,"lenght":8},"3":{"0":-0.7223490173070339,"1":0.7844637375200102,"2":0.5873854675557136,"3":-0.20934041089867983,"4":-0.9387876280331031,"5":0.6562662410631582,"6":-0.5757677479064159,"7":0.9642001050138347,"lenght":8},"4":{"0":0.24385221037184715,"1":-0.833948741041137,"2":0.5612927040456275,"3":0.011198925411329351,"4":-0.24584459229235048,"5":-0.18140550689092952,"6":-0.7340554232999537,"7":0.6872344880776875,"lenght":8},"5":{"0":-0.19813786777422074,"1":-0.11914203969591255,"2":0.3869778262036566,"3":0.5991693087867385,"4":0.004881301215645913,"5":0.8703524169498923,"6":-0.4717778518670504,"7":-0.611962774752289,"lenght":8},"6":{"0":-0.4721667791218445,"1":0.5952139237013737,"2":0.08918299698099125,"3":0.7195885994723906,"4":-0.7545695454492387,"5":-0.4905922349271813,"6":-0.3421170030047806,"7":-0.10203274808088425,"lenght":8},"7":{"0":-0.10639454418681603,"1":-0.251378778920814,"2":0.3316680546223439,"3":0.8821261425404399,"4":0.6716513853303946,"5":-0.6839646358050665,"6":-0.6001032264141467,"7":-0.2938079534961038,"lenght":8},"8":{"0":0.3217762928001971,"1":0.5069681099090626,"2":-0.8525876679141369,"3":-0.5540804072655866,"4":0.747048301848962,"5":-0.3920462836729764,"6":-0.31427442512324244,"7":0.009354723720141922,"lenght":8},"9":{"0":-0.21385964359665516,"1":0.061242258032609354,"2":-0.15771129873451928,"3":0.518239331407071,"4":0.08736713847512173,"5":0.8327304650102754,"6":-0.0872204795369922,"7":-0.7566727174088692,"lenght":8},"lenght":12},"1":{"0":{"0":0.12659581603329406,"1":-0.8473468052717394,"10":0.6144051258367582,"11":-0.8518234490141213,"2":0.723267427792336,"3":-0.796835152611219,"4":0.4435619224884067,"5":0.04342498999014817,"6":-0.07067610367221709,"7":0.4458771667139797,"8":0.18903118892255194,"9":-0.7992850915803755,"lenght":12},"1":{"0":-0.37361067965644656,"1":-0.8728489395235144,"10":-0.5773407729506821,"11":-1.163501133990086,"2":-0.9777952415770921,"3":-0.5987194520736979,"4":0.42895561324205383,"5":-0.3835497550264421,"6":0.08274231128998377,"7":-1.0178802951974883,"8":0.6728584669025744,"9":-0.3669884693957731,"lenght":12},"10":{"0":-0.87133075407821,"1":0.4792252608944002,"10":0.11381682275971376,"11":-0.0545922511181747,"2":0.6880821922212327,"3":-0.3784424117086923,"4":-0.6455740748719505,"5":0.6913096528138668,"6":0.6816278893040354,"7":-0.6509295057324945,"8":-0.9914998955417168,"9":-1.160323386409081,"lenght":12},"11":{"0":0.6925690737845801,"1":0.31270468279162456,"10":-0.9486830897209665,"11":0.14242431870086691,"2":-0.534339487793306,"3":0.7539811007757197,"4":0.055904488272392625,"5":-0.08322001329389107,"6":-0.7654156184783217,"7":-0.6202027590441994,"8":-1.3277257413476968,"9":-0.0742366417338972,"lenght":12},"2":{"0":-0.7079876841216228,"1":0.4731238696465648,"10":-0.9246036589538925,"11":0.40752945847835603,"2":-0.717357734723457,"3":0.409098575796578,"4":-1.0886650533913618,"5":0.41416785990348176,"6":0.17959165395639373,"7":0.04422256856488076,"8":-0.47886991231386217,"9":0.0806596527442073,"lenght":12},"3":{"0":-0.43885229732025144,"1":-0.36556314506506987,"10":0.672875375766959,"11":-0.8235160373869668,"2":-0.5439204531536026,"3":-0.01912517333959203,"4":0.12821183590581095,"5":-0.4601114864794421,"6":-0.42128181126073466,"7":-0.0017670554767018893,"8":0.30152322954032906,"9":-0.25014729726715895,"lenght":12},"4":{"0":0.6948980965184035,"1":-0.502798053889255,"10":0.6614597437422635,"11":0.4700454118916086,"2":0.5319085794449503,"3":0.042193312934709785,"4":0.609413694254237,"5":-0.8628269502047614,"6":-0.629031019278498,"7":-0.5649920647353983,"8":-0.3050580696212824,"9":-0.2974048305824282,"lenght":12},"5":{"0":0.9214073995675426,"1":0.6691216953003593,"10":-1.0698041647862906,"11":-1.1678717623087504,"2":-0.7384425124426184,"3":-0.6168981787806418,"4":-0.3874063299554262,"5":0.5329415630064634,"6":0.42190627522300445,"7":0.3602239330695314,"8":-0.4836086871752144,"9":0.18406511915872933,"lenght":12},"6":{"0":0.20850977543713195,"1":0.45465930956022294,"10":-0.3703360025782997,"11":0.1329787813703201,"2":-0.35284772214097837,"3":-0.4306156488698779,"4":0.3624030048657612,"5":0.9665339787292297,"6":-0.012285987004289923,"7":-0.8879054442706046,"8":-0.9943412110885356,"9":-0.624708692032447,"lenght":12},"7":{"0":0.12788330133247588,"1":0.2855438592913041,"10":0.871548631281129,"11":-1.1875812897922573,"2":0.6427457986241059,"3":-0.36780583289513225,"4":0.62917650616008,"5":0.7001170728539782,"6":-0.788917053917523,"7":-1.0039581628040446,"8":0.5532379093697901,"9":0.8945777398159883,"lenght":12},"8":{"0":0.5085894586605127,"1":0.18086418843000834,"10":-1.0935130525931815,"11":0.0332999703610228,"2":0.406967442704489,"3":-0.3029598030974563,"4":-0.8497093000230383,"5":0.890346670261043,"6":0.05766245895687437,"7":0.45771412333741146,"8":0.6214526531116408,"9":-0.4103730952260835,"lenght":12},"9":{"0":0.35835167173651616,"1":0.45734441886530897,"10":-1.0692487462658813,"11":-0.9146741046926378,"2":-0.3680715213861605,"3":0.15328580729553856,"4":0.17642628652374012,"5":0.38227937558916225,"6":0.5274903387343346,"7":0.20359014208008852,"8":-0.017902071147844343,"9":-1.3857881500725178,"lenght":12},"lenght":12},"2":{"0":{"0":0.20057889952703417,"1":-0.9568207866786785,"10":0.508438939455802,"11":-0.9367249126179814,"2":0.5685360136584491,"3":-0.9737209545639877,"4":0.28958347690122443,"5":-0.13600792092308905,"6":-0.167994193890707,"7":0.3553096247179657,"8":0.09004312373884565,"9":-1.0185738078806612,"lenght":12},"1":{"0":0.5857838306516642,"1":-0.22771347668613984,"10":0.2546538163791459,"11":-0.18298524685637443,"2":-0.23429998340740948,"3":0.02070404157531254,"4":1.033778583901973,"5":0.23590170626602733,"6":0.5817661856056863,"7":-0.4105334766662055,"8":1.3428322696485384,"9":0.6890702363011018,"lenght":12},"2":{"0":-0.120484179943544,"1":0.8779150993400171,"10":-0.4983573241660925,"11":0.90289730219872,"2":-0.30049279956972846,"3":0.7985714175715709,"4":-0.7005597470035415,"5":0.8234396029986423,"6":0.5405465181811543,"7":0.4475004666061523,"8":-0.08935161508481097,"9":0.6185235598315926,"lenght":12},