{"biases":{"0":{"0":0.8415662524941206,"1":0.9392541777832175,"2":0.9631319960852346,"3":0.9381792736801011,"4":0.8811382530323962,"5":0.9296100382275464,"lenght":6},"1":{"0":0.6980826000000013,"1":0.6794308000000007,"2":0.8332288810141466,"3":0.7057305738049527,"4":0.6458886832393703,"5":0.5458209332226299,"lenght":6},"2":{"0":0.40839820467161736,"1":0.405117943187133,"2":0.4446761899002511,"3":0.49358926491546673,"4":0.563968716573639,"5":0.36332242500518147,"lenght":6},"3":{"0":0.7,"1":0.7,"2":-0.9937900593245881,"3":-0.0038847651050347935,"lenght":4},"lenght":4},"weights":{"0":{"0":{"0":-0.4589117229599781,"1":0.848400633355113,"10":0.7546407928827642,"11":-0.023638455062372457,"12":0.7964784417749176,"13":0.931780359572151,"14":0.7750997723664291,"15":-0.08222921838566892,"2":-0.04277541826688524,"3":-0.06257047864981631,"4":0.26596862669312415,"5":-0.6271506788530562,"6":0.6602271227177972,"7":0.6808087431439035,"8":0.04396641586368224,"9":-0.31543641869025696,"lenght":16},"1":{"0":-0.406135716437091,"1":0.8591456882670774,"10":1.0276759161479794,"11":-0.23872702258537926,"12":0.336298031626008,"13":-0.1789025664872225,"14":0.3595702145593475,"15":0.24048968349358185,"2":0.9836927593068888,"3":-0.8098441024059806,"4":0.5423642578103302,"5":-0.45449580793984284,"6":-0.03312163580263948,"7":-0.003947484814452763,"8":-0.8870294386422977,"9":0.8834070200071341,"lenght":16},"2":{"0":0.4857077321445446,"1":-0.41209105739190444,"10":0.30487600618861543,"11":0.13924752737302343,"12":0.5456085114148453,"13":0.3351394456185486,"14":0.8642354264725282,"15":0.6154091125951562,"2":0.11409263120835675,"3":0.7440076308869918,"4":-0.4028796865940809,"5":-0.39211461701410605,"6":-0.016283109557174717,"7":0.047095969926062145,"8":-0.8206816252889493,"9":-0.05547639161726232,"lenght":16},"3":{"0":0.6393163973900484,"1":0.2827676500662237,"10":-0.8321513419318963,"11":-0.2507336113386313,"12":0.5176996192531831,"13":1.0108135492696646,"14":-0.9136194732291852,"15":-0.07918346083751646,"2":0.06393838471822849,"3":-0.5107936669090338,"4":0.8011322792885828,"5":-0.10757205519870411,"6":0.9100080910444895,"7":-0.18478856350720996,"8":0.8250390962010812,"9":-0.5935850255171269,"lenght":16},"4":{"0":-0.7901040260328043,"1":-0.809319901364601,"10":0.09966110386304247,"11":0.10923352277224029,"12":0.2620056055629848,"13":0.3122504388390694,"14":0.6489239111398962,"15":0.8896397085740787,"2":0.4638793275046745,"3":-0.01575873142550279,"4":0.38614037635722215,"5":0.6117040153140304,"6":0.6407038136643215,"7":0.6444146688346868,"8":0.4534531901283006,"9":0.02767451600975008,"lenght":16},"5":{"0":-0.741315661391671,"1":1.015124204673487,"10":-0.5985791061426976,"11":-0.16939683085789847,"12":0.09171313506192474,"13":-0.8898380703900278,"14":-0.19347780046331833,"15":0.4878065846753212,"2":0.20410817554854369,"3":0.7655282854133229,"4":0.7253574896316191,"5":-0.024794823934166425,"6":-0.11824623507518886,"7":-0.1775006360732359,"8":0.9122799973225141,"9":0.467567408637671,"lenght":16},"lenght":6},"1":{"0":{"0":-0.4604953403107981,"1":0.8079737157412076,"2":-0.12175250443623549,"3":-0.1509298862252518,"4":0.17779215544282467,"5":-0.7021885756234265,"lenght":6},"1":{"0":0.5514140917877631,"1":-0.4863084870749108,"2":-0.5075201195521317,"3":0.21105194401536934,"4":0.6647254532861611,"5":-0.624293528443609,"lenght":6},"2":{"0":0.8930772276821846,"1":0.9262068852286376,"2":0.07354007033561052,"3":0.21701564729736977,"4":0.044466321054758146,"5":1.115869137009888,"lenght":6},"3":{"0":-0.9881540766608836,"1":0.38843270799258356,"2":-0.6082662312719187,"3":-0.1375065813365638,"4":-0.06916530640771863,"5":-0.9340676616991633,"lenght":6},"4":{"0":-0.175593189674201,"1":-0.9242910996523641,"2":-0.5425022860960619,"3":-0.31471287333065123,"4":-0.18844283781537127,"5":0.3331103104278578,"lenght":6},"5":{"0":-0.27131403052321945,"1":0.3219524933159054,"2":-0.13480567721590603,"3":0.1923805685742034,"4":-0.017862870922842323,"5":0.15006253219848203,"lenght":6},"lenght":6},"2":{"0":{"0":-0.46,"1":0.81,"2":-0.45893339823322915,"3":-0.15,"4":0.18,"5":-0.7002664462780519,"lenght":6},"1":{"0":0.56,"1":-0.46,"2":-0.7849741267572542,"3":0.23,"4":0.7,"5":-0.5906900678145262,"lenght":6},"2":{"0":0.87,"1":0.76,"2":-0.3638596892936099,"3":0.11,"4":-0.17,"5":0.7794406322217088,"lenght":6},"3":{"0":-0.96,"1":0.4,"2":-0.7800232375056115,"3":-0.08,"4":0.0,"5":-0.9405994326866551,"lenght":6},"4":{"0":-0.16,"1":-0.86,"2":-0.5911397546714479,"3":-0.26,"4":-0.09,"5":0.45948153741510805,"lenght":6},"5":{"0":-0.16,"1":0.56,"2":-0.19104111072611732,"3":0.47,"4":0.44,"5":0.549254875783913,"lenght":6},"lenght":6},"3":{"0":{"0":-0.46,"1":0.81,"2":-0.12,"3":-0.15,"4":0.18,"5":-0.7,"lenght":6},"1":{"0":0.56,"1":-0.46,"2":-0.48,"3":0.23,"4":0.7,"5":-0.59,"lenght":6},"2":{"0":0.87,"1":0.76,"2":-0.09,"3":0.11,"4":-0.17,"5":0.78,"lenght":6},"3":{"0":-0.96,"1":0.4,"2":-0.57,"3":-0.08,"4":0.0,"5":-0.94,"lenght":6},"lenght":4},"lenght":4}}