{"biases":{"0":{"0":0.8321804713235694,"1":0.984177192717602,"10":0.6933435808831878,"11":0.6973023247098156,"2":0.9714726177858828,"3":0.72481357046639,"4":0.7043894502944881,"5":0.7318807477337647,"6":0.7280727395274857,"7":0.7010849117464316,"8":0.68344617596188,"9":0.6948464192744116,"lenght":12},"1":{"0":0.8727769929218403,"1":0.494431390911117,"10":1.2851294976670185,"11":1.1963884193937058,"2":0.0806838117509644,"3":0.4363891444782605,"4":0.9643904422956504,"5":1.0427472334288301,"6":1.439984891537359,"7":0.8214466252883078,"8":0.7234997051569646,"9":0.6053456534182919,"lenght":12},"2":{"0":1.3314288040377482,"1":3.957223833581702,"2":1.9600221506308246,"3":1.4806128015975974,"4":1.0642456533295577,"5":0.9542337512449406,"lenght":6},"3":{"0":0.2949740711487926,"1":1.4777380983617083,"2":0.623498596783909,"3":-0.5222233923225009,"lenght":4},"lenght":4},"weights":{"0":{"0":{"0":0.08166242538801768,"1":-0.9028500465457018,"2":0.6994313830728657,"3":-0.9263732947714104,"4":0.30500814425177186,"5":0.15362880709916218,"6":0.10634595554080281,"7":0.5415261006884422,"lenght":8},"1":{"0":-0.08845289501311168,"1":0.6093550912865164,"2":0.16779661588228856,"3":0.24921141500798374,"4":-0.4256014698569366,"5":-0.5821643568220433,"6":-0.549342610064391,"7":-0.30394112118568023,"lenght":8},"10":{"0":-0.32364599563541513,"1":0.2727872804160706,"2":-0.32753581516510416,"3":-0.32278284996085865,"4":0.9225579716784857,"5":0.7798304842311853,"6":-0.7314175174559326,"7":0.1859481360298322,"lenght":8},"11":{"0":-0.7873539158471341,"1":-0.9373504327241705,"2":0.6624196804774891,"3":0.9881044431855665,"4":0.9813749696159978,"5":-0.9795087153815271,"6":-0.20807260554480805,"7":0.08940450116128482,"lenght":8},"2":{"0":-0.9187903075410563,"1":-0.7050559614426034,"2":0.4691948033408622,"3":0.6520137279723327,"4":-0.022698630007287685,"5":-0.0928655867188958,"6":-0.5317278437087057,"7":0.7107474740352792,"lenght":8},"3":{"0":-0.721659605903853,"1":0.7729445475427901,"2":0.5794393196437954,"3":-0.2185119492268194,"4":-0.9483839711398394,"5":0.6567260746323464,"6":-0.5789558757022776,"7":0.9680755727834816,"lenght":8},"4":{"0":0.2431269306901954,"1":-0.8414634737974948,"2":0.5542538074918673,"3":0.002773306098100008,"4":-0.2535477865241317,"5":-0.18049582742271794,"6":-0.7366443098182931,"7":0.6879410575709358,"lenght":8},"5":{"0":-0.19890687157441014,"1":-0.12464578274280086,"2":0.382720151852909,"3":0.5938472108578952,"4":0.000335035561646644,"5":0.8713576989354276,"6":-0.4721391236946679,"7":-0.6104128075837201,"lenght":8},"6":{"0":-0.47219580510550174,"1":0.5935643326498086,"2":0.08843739662393604,"3":0.718494710641806,"4":-0.7558541526270198,"5":-0.4905629601570198,"6":-0.3420406989106797,"7":-0.10093640975168133,"lenght":8},"7":{"0":-0.10632584586978061,"1":-0.25195020643610194,"2":0.33125423341991134,"3":0.8818160380233278,"4":0.6713859735251768,"5":-0.684414267015576,"6":-0.6007928329417682,"7":-0.2936954389340135,"lenght":8},"8":{"0":0.321776028769647,"1":0.5062535306104751,"2":-0.8534683835994495,"3":-0.5546657899845043,"4":0.746940430318594,"5":-0.39275867010064125,"6":-0.31553051629294676,"7":0.008979541177655355,"lenght":8},"9":{"0":-0.21389286425557513,"1":0.06075916031984504,"2":-0.158550658329289,"3":0.5176643201932478,"4":0.08735661677239981,"5":0.8322730780079476,"6":-0.08831783363189231,"7":-0.7572922200115489,"lenght":8},"lenght":12},"1":{"0":{"0":0.16315463549536113,"1":-0.833233079006225,"10":0.5965135253385336,"11":-0.8646318699331329,"2":0.7400248536136845,"3":-0.7702751656718587,"4":0.4941834451083948,"5":0.09482752140743175,"6":-0.034669774858890196,"7":0.4718493305354991,"8":0.1871159648192622,"9":-0.7984875457513482,"lenght":12},"1":{"0":-0.3323917650777179,"1":-0.8622931156397996,"10":-0.6587400400596355,"11":-1.2799824604279024,"2":-0.9636197592096677,"3":-0.5742534575930117,"4":0.4332302267770629,"5":-0.4021908703962974,"6":0.042518393347051854,"7":-1.0962332109577235,"8":0.5882936129206667,"9":-0.46487212103884284,"lenght":12},"10":{"0":-0.7550269871880404,"1":0.5343925015391536,"10":0.0581019881484794,"11":-0.12886637206887766,"2":0.7734297526076894,"3":-0.22897286452233487,"4":-0.4705272669566649,"5":0.8470336281009898,"6":0.8121948892430788,"7":-0.5717550767961648,"8":-0.9942244447683988,"9":-1.1854065628522068,"lenght":12},"11":{"0":0.8096716315707361,"1":0.36046045817160427,"10":-1.0439408194722266,"11":0.009306353280225116,"2":-0.45562938561160576,"3":0.9031082748218734,"4":0.24479948806031546,"5":0.08379320679941969,"6":-0.6311371035300019,"7":-0.55623004538854,"8":-1.3567436336924714,"9":-0.13084169074149063,"lenght":12},"2":{"0":-0.6828590501712567,"1":0.4866345218790973,"10":-0.9393508346792516,"11":0.3838349830077731,"2":-0.7020219742976845,"3":0.435213231865937,"4":-1.0686096467890007,"5":0.4289253939017664,"6":0.1889773344918508,"7":0.04093278690924648,"8":-0.4912877107587704,"9":0.06516055976073783,"lenght":12},"3":{"0":-0.3526413958566983,"1":-0.3159552141558005,"10":0.6344616155550717,"11":-0.8902257749336863,"2":-0.48947570275859176,"3":0.07529747819868705,"4":0.20105134148594545,"5":-0.40202876960051104,"6":-0.3784156253271085,"7":-0.001302422498907511,"8":0.27044440787907825,"9":-0.28906079331539875,"lenght":12},"4":{"0":0.7926026553820082,"1":-0.4454748669555957,"10":0.6145694944528274,"11":0.388984167140316,"2":0.5966730436669703,"3":0.15662370266241818,"4":0.6989844148890203,"5":-0.7931102677810834,"6":-0.572810153191987,"7":-0.5572019146295469,"8":-0.33660566347512305,"9":-0.3420685763608242,"lenght":12},"5":{"0":1.01525077698935,"1":0.7001490925299055,"10":-1.2131726087919632,"11":-1.3607770828137387,"2":-0.6965794051721602,"3":-0.5363921372331083,"4":-0.3135081658511565,"5":0.5680597338279816,"6":0.41580600558430847,"7":0.2795581712578546,"8":-0.6057908665017638,"9":0.03824259250604766,"lenght":12},"6":{"0":0.263047138480636,"1":0.43843688755436616,"10":-0.6160617288383226,"11":-0.17891800891960957,"2":-0.3631447131363411,"3":-0.4260875880179239,"4":0.3804742777995835,"5":0.931135257408511,"6":-0.10606887594208514,"7":-1.0721547850176796,"8":-1.2118738533358018,"9":-0.874890054891548,"lenght":12},"7":{"0":0.10735791316901423,"1":0.20963714248278453,"10":0.581451891525192,"11":-1.546624296865375,"2":0.5633495254201529,"3":-0.4771237013415485,"4":0.5411461406271373,"5":0.5575545217736665,"6":-0.9949926264945356,"7":-1.2903320784649168,"8":0.2723802343910587,"9":0.5837632410548144,"lenght":12},"8":{"0":0.5048635545412791,"1":0.11513393211045908,"10":-1.3567035348182361,"11":-0.2939293216590278,"2":0.34469669253546814,"3":-0.3903308493154984,"4":-0.909231358882572,"5":0.7821022827516733,"6":-0.11662891830135529,"7":0.20766362578071026,"8":0.3675023688752025,"9":-0.6921299591140888,"lenght":12},"9":{"0":0.48415443091164406,"1":0.49883993627546,"10":-1.2072458279431124,"11":-1.0902098943395353,"2":-0.29549851210068606,"3":0.2877971507638623,"4":0.33975419671861834,"5":0.5088611895846334,"6":0.6084534969813133,"7":0.20712472032088852,"8":-0.1012366836942567,"9":-1.4997023317630676,"lenght":12},"lenght":12},"2":{"0":{"0":0.264500751069204,"1":-1.0436921719880794,"10":0.49671363573418253,"11":-0.9461712971725702,"2":0.4667064828932541,"3":-1.0302121535238589,"4":0.2566105944002451,"5":-0.17007122757586804,"6":-0.18420883175895758,"7":0.3288816184644591,"8":0.062266272796417645,"9":-1.054012267345101,"lenght":12},"1":{"0":0.730187272833647,"1":-0.1715852143759669,"10":0.2576146795086095,"11":-0.1806173279273969,"2":-0.1795952639594344,"3":0.04443621550416705,"4":1.0460160420677111,"5":0.24581755845671474,"6":0.58592799912467,"7":-0.40377059954033584,"8":1.3500385831843411,"9":0.6981277560839497,"lenght":12},"2":{"0":-0.08162342151473169,"1":0.89301442417038,"10":-0.4976146082565911,"11":0.9034770881335381,"2":-0.2858615100911527,"3":0.8048743056832006,"4":-0.6973360624552993,"5":0.8260331153320354,"6":0.5416186735239045,"7":0.44923805620131524,"8":-0.08749753841623055,"9":0.6208393104745226,"lenght":12},