{"biases":{"0":{"0":-0.96,"1":-0.5,"10":-0.21999999999999997,"11":0.8400000000000001,"12":-0.8200000000000001,"13":-0.8200000000000001,"14":0.9199999999999999,"15":-0.64,"2":0.7,"3":-0.6,"4":0.10000000000000009,"5":0.8200000000000001,"6":-0.8200000000000001,"7":0.21999999999999997,"8":-0.6599999999999999,"9":-0.43999999999999995,"lenght":16},"1":{"0":0.96,"1":-0.19999999999999996,"2":0.28,"3":0.8799999999999999,"4":-0.6599999999999999,"5":-0.76,"6":0.06000000000000005,"7":0.10000000000000009,"lenght":8},"2":{"0":-0.54,"1":-0.62,"2":-0.8,"3":-1.0,"4":-0.96,"5":-0.020000000000000018,"lenght":6},"3":{"0":0.41999999999999993,"1":0.6000000000000001,"2":-1.0,"3":-0.33999999999999997,"lenght":4},"4":{"0":0.98,"1":0.1399999999999999,"10":0.26,"11":-0.98,"12":0.5800000000000001,"13":0.48,"14":0.8799999999999999,"15":0.32000000000000006,"2":0.10000000000000009,"3":0.96,"4":-0.30000000000000004,"5":0.9199999999999999,"6":-0.92,"7":0.8,"8":-0.96,"9":-0.96,"lenght":16},"lenght":5},"weights":{"0":{"0":{"0":0.10000000000000009,"1":-0.5800000000000001,"10":-0.52,"11":-0.19999999999999996,"12":0.08000000000000007,"13":-0.98,"14":0.3999999999999999,"15":0.6399999999999999,"2":-0.74,"3":-0.7,"4":0.28,"5":-0.09999999999999998,"6":-0.24,"7":-0.72,"8":0.3400000000000001,"9":0.54,"lenght":16},"1":{"0":-0.64,"1":-0.30000000000000004,"10":0.98,"11":0.48,"12":0.8,"13":-0.26,"14":-0.86,"15":0.96,"2":-0.18000000000000005,"3":-0.88,"4":-0.56,"5":-0.72,"6":-0.12,"7":-0.56,"8":0.26,"9":0.56,"lenght":16},"10":{"0":-0.64,"1":0.43999999999999995,"10":-0.56,"11":0.17999999999999994,"12":0.19999999999999996,"13":-0.07999999999999996,"14":0.6200000000000001,"15":-0.4,"2":-0.6,"3":0.8999999999999999,"4":-0.48,"5":0.52,"6":-0.18000000000000005,"7":-0.7,"8":-0.07999999999999996,"9":-0.19999999999999996,"lenght":16},"11":{"0":-0.6799999999999999,"1":0.52,"10":-0.24,"11":0.3799999999999999,"12":0.41999999999999993,"13":0.6799999999999999,"14":-0.8,"15":-0.18000000000000005,"2":0.24,"3":-0.92,"4":-0.56,"5":0.9199999999999999,"6":-0.92,"7":-0.8,"8":-1.0,"9":0.72,"lenght":16},"12":{"0":0.1200000000000001,"1":0.6399999999999999,"10":0.3600000000000001,"11":-0.38,"12":0.41999999999999993,"13":-0.020000000000000018,"14":0.21999999999999997,"15":-0.21999999999999997,"2":-0.28,"3":0.6599999999999999,"4":0.15999999999999992,"5":0.56,"6":0.0,"7":0.1399999999999999,"8":-0.64,"9":-0.5,"lenght":16},"13":{"0":0.54,"1":0.5,"10":-0.18000000000000005,"11":-0.8,"12":-0.30000000000000004,"13":-0.92,"14":0.020000000000000018,"15":0.8400000000000001,"2":-0.12,"3":0.020000000000000018,"4":0.41999999999999993,"5":-0.040000000000000036,"6":0.21999999999999997,"7":0.43999999999999995,"8":0.74,"9":0.020000000000000018,"lenght":16},"14":{"0":0.72,"1":0.76,"10":0.3400000000000001,"11":0.56,"12":0.5,"13":0.6200000000000001,"14":-0.6599999999999999,"15":0.040000000000000036,"2":-0.45999999999999996,"3":0.94,"4":-0.64,"5":-0.42000000000000004,"6":-0.88,"7":-0.28,"8":0.08000000000000007,"9":0.48,"lenght":16},"15":{"0":0.1200000000000001,"1":0.21999999999999997,"10":-0.78,"11":-0.96,"12":-0.98,"13":0.24,"14":-0.07999999999999996,"15":0.76,"2":-0.94,"3":0.6000000000000001,"4":0.24,"5":-0.6799999999999999,"6":-0.92,"7":-0.98,"8":0.3400000000000001,"9":0.94,"lenght":16},"2":{"0":0.17999999999999994,"1":-0.6,"10":0.52,"11":-0.21999999999999997,"12":0.3400000000000001,"13":0.98,"14":0.48,"15":-0.24,"2":0.30000000000000004,"3":0.5,"4":-0.6599999999999999,"5":0.1200000000000001,"6":-0.16000000000000003,"7":-0.28,"8":-0.33999999999999997,"9":0.32000000000000006,"lenght":16},"3":{"0":0.72,"1":-0.7,"10":0.3400000000000001,"11":-0.8200000000000001,"12":0.41999999999999993,"13":-0.48,"14":0.17999999999999994,"15":0.6399999999999999,"2":-0.12,"3":-0.84,"4":-0.42000000000000004,"5":0.76,"6":0.6399999999999999,"7":0.8600000000000001,"8":-0.64,"9":0.6200000000000001,"lenght":16},"4":{"0":0.96,"1":-0.52,"10":0.1399999999999999,"11":-0.26,"12":-0.4,"13":-0.38,"14":0.5,"15":0.3600000000000001,"2":0.1399999999999999,"3":0.3400000000000001,"4":-0.36,"5":0.98,"6":-0.94,"7":0.32000000000000006,"8":-0.64,"9":-0.38,"lenght":16},"5":{"0":-0.06000000000000005,"1":-0.62,"10":-0.21999999999999997,"11":0.28,"12":-0.64,"13":0.96,"14":-0.07999999999999996,"15":0.3600000000000001,"2":0.54,"3":-0.43999999999999995,"4":0.17999999999999994,"5":0.17999999999999994,"6":0.45999999999999996,"7":0.56,"8":0.8600000000000001,"9":0.8400000000000001,"lenght":16},"6":{"0":0.48,"1":0.10000000000000009,"10":0.24,"11":0.040000000000000036,"12":0.32000000000000006,"13":0.8,"14":-0.5800000000000001,"15":0.30000000000000004,"2":-0.30000000000000004,"3":0.17999999999999994,"4":-0.86,"5":-0.24,"6":0.54,"7":-0.5,"8":0.3999999999999999,"9":-0.31999999999999995,"lenght":16},"7":{"0":-0.8200000000000001,"1":0.96,"10":-0.64,"11":0.6399999999999999,"12":-0.19999999999999996,"13":0.28,"14":0.0,"15":0.32000000000000006,"2":0.8600000000000001,"3":-0.5800000000000001,"4":-0.8200000000000001,"5":-0.62,"6":0.020000000000000018,"7":-0.96,"8":-0.78,"9":0.8,"lenght":16},"8":{"0":0.43999999999999995,"1":0.72,"10":-0.06000000000000005,"11":-0.86,"12":0.19999999999999996,"13":-0.6,"14":0.43999999999999995,"15":-0.56,"2":-0.5,"3":0.5800000000000001,"4":-0.52,"5":-0.96,"6":0.1200000000000001,"7":0.8799999999999999,"8":0.78,"9":0.3999999999999999,"lenght":16},"9":{"0":0.3999999999999999,"1":-0.6599999999999999,"10":0.6399999999999999,"11":-0.43999999999999995,"12":0.3799999999999999,"13":-0.36,"14":0.8799999999999999,"15":-0.18000000000000005,"2":-0.14,"3":0.5800000000000001,"4":-0.28,"5":-0.07999999999999996,"6":-0.31999999999999995,"7":-1.0,"8":-0.28,"9":0.040000000000000036,"lenght":16},"lenght":16},"1":{"0":{"0":-0.56,"1":0.020000000000000018,"2":0.0,"3":0.6799999999999999,"4":0.3400000000000001,"5":0.08000000000000007,"6":-0.26,"7":-0.31999999999999995,"lenght":8},"1":{"0":0.020000000000000018,"1":-0.040000000000000036,"2":0.76,"3":0.06000000000000005,"4":0.26,"5":0.74,"6":0.8600000000000001,"7":0.30000000000000004,"lenght":8},"10":{"0":0.8200000000000001,"1":0.9199999999999999,"2":-0.36,"3":-0.30000000000000004,"4":-0.48,"5":0.78,"6":-0.88,"7":-0.42000000000000004,"lenght":8},"11":{"0":0.6200000000000001,"1":0.26,"2":0.32000000000000006,"3":-0.96,"4":0.56,"5":0.15999999999999992,"6":-0.9,"7":0.98,"lenght":8},"12":{"0":0.8200000000000001,"1":-0.86,"2":-0.4,"3":0.08000000000000007,"4":-0.12,"5":-0.52,"6":-0.040000000000000036,"7":-0.86,"lenght":8},"13":{"0":-0.24,"1":-0.30000000000000004,"2":0.6599999999999999,"3":-0.76,"4":-0.42000000000000004,"5":-0.31999999999999995,"6":-0.43999999999999995,"7":0.43999999999999995,"lenght":8},"14":{"0":0.6399999999999999,"1":-0.76,"2":0.17999999999999994,"3":-0.84,"4":-0.96,"5":0.30000000000000004,"6":0.8,"7":0.6599999999999999,"lenght":8},"15":{"0":0.6000000000000001,"1":0.1200000000000001,"2":0.7,"3":0.17999999999999994,"4":-0.72,"5":0.8,"6":-0.8,"7":0.15999999999999992,"lenght":8},"2":{"0":-0.76,"1":-0.4,"2":0.72,"3":-0.62,"4":0.45999999999999996,"5":-0.06000000000000005,"6":0.6200000000000001,"7":0.8,"lenght":8},"3":{"0":0.5,"1":0.43999999999999995,"2":0.6399999999999999,"3":-0.26,"4":0.6200000000000001,"5":-0.4,"6":0.10000000000000009,"7":-0.92,"lenght":8},"4":{"0":0.6200000000000001,"1":-0.9,"2":-0.19999999999999996,"3":-0.040000000000000036,"4":0.17999999999999994,"5":0.56,"6":-0.31999999999999995,"7":0.24,"lenght":8},"5":{"0":0.56,"1":0.48,"2":0.3400000000000001,"3":-0.18000000000000005,"4":0.21999999999999997,"5":0.19999999999999996,"6":0.17999999999999994,"7":-0.48,"lenght":8},"6":{"0":-0.16000000000000003,"1":0.94,"2":-0.09999999999999998,"3":-0.7,"4":-0.12,"5":0.56,"6":-0.9,"7":-0.62,"lenght":8},"7":{"0":-0.94,"1":-0.21999999999999997,"2":0.1200000000000001,"3":0.6799999999999999,"4":0.3799999999999999,"5":0.26,"6":-0.19999999999999996,"7":-0.96,"lenght":8},"8":{"0":-0.6,"1":-0.33999999999999997,"2":0.0,"3":-0.38,"4":0.26,"5":-0.28,"6":0.8799999999999999,"7":-0.18000000000000005,"lenght":8},"9":{"0":-0.78,"1":0.21999999999999997,