{"biases":{"0":{"0":0.7498006620511146,"1":0.7083158029193182,"2":0.7805558951898885,"3":0.7236117879878056,"4":0.7251487079635013,"5":0.7470655303669078,"lenght":6},"1":{"0":0.6791308617414356,"1":0.6512389963676957,"2":0.6557837095126066,"3":0.7416515164893942,"4":0.7721167330771928,"5":0.7232271552761835,"lenght":6},"2":{"0":0.7102708278065859,"1":0.7308421414723166,"2":0.7573934167780242,"3":0.7303345907845195,"4":0.702475258794546,"5":0.7241250941087984,"lenght":6},"3":{"0":0.6999559097946874,"1":0.6999627400346765,"2":0.6608464424747377,"3":0.6910972171683952,"lenght":4},"lenght":4},"weights":{"0":{"0":{"0":-0.9181451612203531,"1":-0.6297423955081984,"10":0.8895662440945166,"11":0.6031389593127765,"12":0.022193859545753255,"13":-0.4257652827508243,"14":-0.24430699897859764,"15":-0.7180116703341105,"2":0.42956300830858624,"3":0.6520908183244931,"4":-0.5481036969751127,"5":-0.0706777162830047,"6":0.22155474136727246,"7":-0.29421343290524,"8":0.580981774420517,"9":-0.38343938117745735,"lenght":16},"1":{"0":0.3794306810032372,"1":0.9842163777653137,"10":-0.9736760488155896,"11":-0.5037751946056078,"12":-0.49413165509613144,"13":0.05432214448110844,"14":0.4303874225477468,"15":-0.17934946547062514,"2":0.31500874567276577,"3":0.6052651017153305,"4":-0.9748972700044422,"5":0.18451647528583792,"6":0.483019057481071,"7":0.13978849430783666,"8":-0.24043887008366463,"9":0.48526178015379384,"lenght":16},"2":{"0":-0.6852434401274589,"1":-0.749024462379139,"10":0.6049864141142789,"11":-0.777640340944992,"12":-0.01862010300894711,"13":0.7393598013121145,"14":0.15108693803724701,"15":-0.32743743201136827,"2":1.0076877964407773,"3":-0.507769008281034,"4":0.9922786799121244,"5":0.6985286662383681,"6":-0.2733830043744101,"7":0.03226847064244247,"8":0.7627393424146501,"9":-0.2088421829264459,"lenght":16},"3":{"0":0.11343293350443628,"1":-0.8635522781206223,"10":0.909538032894073,"11":0.5833627698324946,"12":-0.22652917962712296,"13":0.5301890689539442,"14":-0.7556579362128036,"15":-0.7204563708990182,"2":0.013240849057837767,"3":-0.7950400069339515,"4":0.195368310131392,"5":0.49471455485298627,"6":0.15152910443799045,"7":-0.2538429653642391,"8":-0.9477844155327741,"9":0.7467953627356089,"lenght":16},"4":{"0":0.5938698437777853,"1":0.32712176818384203,"10":0.7301404260225108,"11":0.6446479892327318,"12":-0.4448963988846339,"13":-0.9074283615560892,"14":0.6760806368665264,"15":-0.17013555540832512,"2":-0.06536615711994881,"3":0.8466876703895306,"4":-0.4727648824563563,"5":-0.843350065570703,"6":-0.5761550849281245,"7":0.17782599797414897,"8":-0.8375870853701793,"9":0.07815823869984379,"lenght":16},"5":{"0":-0.005761529620060349,"1":0.19670158668141396,"10":-0.7359990962411791,"11":0.44975627236137933,"12":-0.8602430367746338,"13":-0.36619169078993175,"14":0.968574923391958,"15":-0.31891668921802696,"2":0.2879018661978296,"3":-0.47898458813420614,"4":0.3214007918950695,"5":0.2095931281850567,"6":0.9133855896186196,"7":0.2399828912905222,"8":-0.9674845259509565,"9":-0.7619842465085965,"lenght":16},"lenght":6},"1":{"0":{"0":-0.9199298261160828,"1":-0.649989942735374,"2":0.39215491084928356,"3":0.5956106001095952,"4":-0.6000118683903635,"5":-0.10995883750666118,"lenght":6},"1":{"0":0.580182105314056,"1":0.13002322052110363,"2":0.6007219861421209,"3":0.693002473307303,"4":-0.7861204361877521,"5":-0.0637965152708847,"lenght":6},"2":{"0":-0.4499202201522278,"1":-0.24997853202051634,"2":-0.7362581178755835,"3":0.5300593843963873,"4":0.6392462193658287,"5":-0.5203539775808725,"lenght":6},"3":{"0":0.6000978808599575,"1":-0.9800203607153134,"2":0.19633274539546317,"3":0.5233462736354312,"4":0.17351051381946336,"5":-0.2208093503246092,"lenght":6},"4":{"0":0.500156013865778,"1":-0.5300351603902878,"2":0.8184083608555167,"3":-0.11496588989786558,"4":-0.5420547635173117,"5":0.29322482728819915,"lenght":6},"5":{"0":-0.9498557436620866,"1":0.8299887984185564,"2":0.5810067848498826,"3":0.26245633638773574,"4":0.6653671376496852,"5":-0.6280734420042691,"lenght":6},"lenght":6},"2":{"0":{"0":-0.920004453135512,"1":-0.6484511600138173,"2":0.40802164364149124,"3":0.635510330433021,"4":-0.5683500011946439,"5":-0.07830266288358778,"lenght":6},"1":{"0":0.5801854860614781,"1":0.13578745783337232,"2":0.6361568211719819,"3":0.7840521700502712,"4":-0.7137799613871847,"5":0.00960411062311179,"lenght":6},"2":{"0":-0.4496210987571564,"1":-0.2382894599730965,"2":-0.6882412222130195,"3":0.6458252826841853,"4":0.7318807163850437,"5":-0.40348974515804936,"lenght":6},"3":{"0":0.6002255982394032,"1":-0.9731035928904741,"2":0.19807868693845165,"3":0.5166697807990688,"4":0.16976388406097445,"5":-0.18579283666689073,"lenght":6},"4":{"0":0.5000439091415398,"1":-0.5287256553877796,"2":0.7928021080518065,"3":-0.1850783803006109,"4":-0.5951889010807894,"5":0.26768908752904375,"lenght":6},"5":{"0":-0.9498248019441702,"1":0.8353667513723454,"2":0.5842244304447102,"3":0.26894440400115244,"4":0.6733365304676381,"5":-0.5973085021653692,"lenght":6},"lenght":6},"3":{"0":{"0":-0.9199999936770781,"1":-0.646715375790753,"2":0.40472060697822265,"3":0.6335126959655161,"4":-0.5613562550805531,"5":-0.07395428004830476,"lenght":6},"1":{"0":0.5800000045505626,"1":0.13198635560289265,"2":0.6227395282584383,"3":0.7579530052919015,"4":-0.7288203401153758,"5":-0.024789859457437623,"lenght":6},"2":{"0":-0.44999780781732057,"1":-0.25028081913728334,"2":-0.719999678317041,"3":0.5815300670940743,"4":0.6825822923665962,"5":-0.4956543353024356,"lenght":6},"3":{"0":0.6000002181300005,"1":-0.9793983851416663,"2":0.18082208806079103,"3":0.4823625341232857,"4":0.14332199464036458,"5":-0.2354409746747325,"lenght":6},"lenght":4},"lenght":4}}