{"biases":{"0":{"0":0.6712359274745793,"1":0.6289071461587191,"10":0.6996141785104012,"11":0.6999913710573009,"2":0.6755028097767464,"3":0.6867468289377404,"4":0.6845313071083085,"5":0.6840121386711768,"6":0.69668594523666,"7":0.6960097131763413,"8":0.6972017444691732,"9":0.6993006387835511,"lenght":12},"1":{"0":0.5536359261344963,"1":0.6071702978107977,"10":0.6985883033786595,"11":0.6968191207360732,"2":0.7123490713293971,"3":0.7118721603268685,"4":0.7036618727209979,"5":0.7182147726231187,"6":0.6926781510222703,"7":0.7244774601942064,"8":0.7313316475097494,"9":0.697954506803174,"lenght":12},"2":{"0":0.5347219896817367,"1":0.07088615343661069,"2":0.6861381018190936,"3":0.9677748665943664,"4":0.761852418811662,"5":0.7288038239864443,"lenght":6},"3":{"0":0.4034268506812093,"1":-0.8087602625147332,"2":-1.0538215497381767,"3":-0.45081043357134104,"lenght":4},"lenght":4},"weights":{"0":{"0":{"0":0.3930103922275094,"1":0.745393237743192,"2":-0.640236938502407,"3":-0.40250883176300306,"4":-0.19359222151793307,"5":0.5908159982403007,"6":-0.4082159255536097,"7":0.8904299779014659,"lenght":8},"1":{"0":-0.6046238040293623,"1":-0.9567016634113852,"2":0.7145002309138895,"3":0.36141621044433386,"4":0.6635443768772028,"5":0.7332448478789233,"6":-0.9591218042936747,"7":-0.017795135331364238,"lenght":8},"10":{"0":-0.8299662408312797,"1":0.3999873291642621,"2":0.2198572857352953,"3":-0.2201242702960517,"4":0.009993203517078367,"5":0.9200127810907981,"6":-0.6301239440582145,"7":-0.6500920548107384,"lenght":8},"11":{"0":0.22000045545426314,"1":0.7699989785852752,"2":0.7699943374261808,"3":-0.1100030072884238,"4":0.09000160400434715,"5":0.6500012438173146,"6":0.9699973492247611,"7":0.839996278509285,"lenght":8},"2":{"0":0.4811869971833568,"1":-0.22385499099054076,"2":-0.4812761322513311,"3":0.010596204687485606,"4":-0.3992137367969125,"5":0.9128478063184009,"6":0.28298489724907316,"7":-0.43487922258563627,"lenght":8},"3":{"0":0.02103751778807626,"1":-0.9030060627794534,"2":-0.9573441823017534,"3":0.6636549844520138,"4":-0.6798202482931888,"5":0.39211750993721883,"6":-0.593801895378276,"7":-0.6830780434701684,"lenght":8},"4":{"0":0.07106695226847569,"1":0.5658667256219743,"2":-0.26828386439105806,"3":-0.5774434189838886,"4":0.2686814615072881,"5":0.22081518792581048,"6":0.645660341346128,"7":0.23703367225446081,"lenght":8},"5":{"0":-0.16873752308514878,"1":-0.19336503662532928,"2":-0.33787084492647307,"3":0.9728836259625716,"4":0.06874486475440952,"5":-0.10890898158224714,"6":-0.3344882488289377,"7":0.3469741784241706,"lenght":8},"6":{"0":0.9701095303204964,"1":0.26960320965228624,"2":0.03867090647398559,"3":0.9189246640758334,"4":0.7999847748184246,"5":0.00018437935810749202,"6":0.29902504323939183,"7":-0.21061821101093461,"lenght":8},"7":{"0":0.5801267406752214,"1":-0.7506404086385317,"2":0.018274669502568973,"3":-0.19147965070444212,"4":0.09981715626174344,"5":-0.37984648717932434,"6":0.5988643426623425,"7":-0.9407255448970141,"lenght":8},"8":{"0":8.647399325933052e-05,"1":0.5696444081794592,"2":-0.7711681032470834,"3":-0.02100614771455332,"4":0.9299209869424113,"5":-0.40992112247663326,"6":0.28918912036384503,"7":-0.2505314307447071,"lenght":8},"9":{"0":-0.859929427514798,"1":-0.8600422183664824,"2":0.7897140489895756,"3":-0.6202661006732665,"4":0.9299711906288656,"5":-0.4199529853844107,"6":-0.170193742013175,"7":0.38985356396130005,"lenght":8},"lenght":12},"1":{"0":{"0":0.3529220421047201,"1":0.7170140071251124,"10":-0.06431931375731287,"11":-0.9160082557662322,"2":-0.6394749762229648,"3":-0.3982234029290237,"4":-0.21368012965781305,"5":0.5629445151736173,"6":-0.4117497878509855,"7":0.8917602167762613,"8":-0.09126668971003232,"9":-0.9724822794928982,"lenght":12},"1":{"0":0.638205622205579,"1":0.7148875650862453,"10":-0.21489582607844235,"11":-0.45192363407548697,"2":-0.9078754866374593,"3":0.03801776233576033,"4":0.5344306519751756,"5":0.6477977567564633,"6":-0.3355392994027518,"7":0.48797528289342385,"8":0.6311368403654711,"9":-0.36108975302634605,"lenght":12},"10":{"0":-0.8405149902932595,"1":-0.8209106528739913,"10":0.2784389693216124,"11":-0.21164035380583548,"2":-0.2510409893606805,"3":0.7290403875683125,"4":0.9589286909875705,"5":-0.5511503775905404,"6":-0.3114240111231473,"7":0.318629645078146,"8":0.2785353156023892,"9":0.6785151333867442,"lenght":12},"11":{"0":0.0688087504367652,"1":-0.8418734424654919,"10":-0.6832971458340807,"11":0.5365212328224079,"2":0.22774781700507543,"3":0.22796403103886423,"4":0.45761223885238606,"5":-0.7124431913771918,"6":-0.15295877697416083,"7":-0.9329037371734772,"8":0.6668893823119321,"9":0.8968811255751019,"lenght":12},"2":{"0":0.4874045276312335,"1":0.5504924278555943,"10":0.5945528626468937,"11":-0.23544661072564887,"2":-0.39403773724409824,"3":-0.5350039213138754,"4":0.6792958378453187,"5":-0.5923861742532068,"6":-0.6600239798483664,"7":0.41052651538979573,"8":-0.6873965679392465,"9":0.09164128931929237,"lenght":12},"3":{"0":-0.6861523185946278,"1":0.8624307376301044,"10":-0.10969043791211348,"11":-0.3284415165436735,"2":-0.21744286517741665,"3":0.22187457231772145,"4":0.20231953504413092,"5":-0.16824462899449996,"6":-0.18867694403313623,"7":-0.32837357576775333,"8":0.981147012848858,"9":0.07064948061145107,"lenght":12},"4":{"0":0.04137198780321205,"1":0.9710512444162855,"10":-0.7784589963682189,"11":0.09186866766512662,"2":0.27147060957773483,"3":0.04126937639138063,"4":0.92166477244545,"5":0.8013714254268633,"6":0.0014052881801781512,"7":0.30162353997183183,"8":-0.20835136604809917,"9":0.35150770234888146,"lenght":12},"5":{"0":-0.18201875212173405,"1":0.11085450137261235,"10":-0.2976557974774574,"11":-0.6469662322146198,"2":-0.3649755649080039,"3":0.6133204567856146,"4":-0.9228722203955101,"5":1.0060705078623666,"6":-0.9711338310211078,"7":-0.9007857260572746,"8":0.3909198506022954,"9":-0.7494115163130368,"lenght":12},"6":{"0":-0.25194864223191316,"1":0.506059371403375,"10":-0.8350986479206679,"11":0.3936930217299079,"2":0.12678680122453848,"3":-0.572613808137066,"4":0.9576570098019711,"5":-0.6930682320540992,"6":0.21526729014034016,"7":-0.8740797981329739,"8":-0.9343555317764799,"9":-0.6848708430804503,"lenght":12},"7":{"0":0.3495422604126904,"1":-0.6158022127696379,"10":0.11582291106609076,"11":0.676880326633753,"2":0.057853814082263276,"3":-0.7639010089269977,"4":-0.9305536062541166,"5":-0.27067701649338194,"6":0.24290456935069027,"7":0.7928097780838661,"8":0.7944868498244695,"9":-0.08563615975313167,"lenght":12},"8":{"0":0.1717583942308656,"1":0.436899237252741,"10":0.3400611614493134,"11":-0.788169451782179,"2":-0.19906123169010745,"3":0.9584387748884415,"4":-0.2975142283586075,"5":0.5022658898711605,"6":0.286736831314184,"7":-0.17339567336792838,"8":-0.9014440741415365,"9":-0.14149617187552072,"lenght":12},"9":{"0":-0.5406821944571073,"1":-0.4513763194504851,"10":0.8679063324478381,"11":0.30783516614926393,"2":0.6285551429585956,"3":-0.8714467597741632,"4":-0.8914279977307736,"5":0.7283161853076983,"6":0.8979625523826031,"7":-0.3819277703917675,"8":-0.7020007184619633,"9":0.14796138048537102,"lenght":12},"lenght":12},"2":{"0":{"0":0.29755762076807296,"1":0.6476827780665887,"10":-0.14184698799968556,"11":-0.9676774316784469,"2":-0.7225340066156443,"3":-0.48743842137787446,"4":-0.3040827594217018,"5":0.46477052316800455,"6":-0.4814311736400448,"7":0.8102004888256663,"8":-0.17638514135017636,"9":-1.0547250389412646,"lenght":12},"1":{"0":0.42051394012346327,"1":0.4567979682281486,"10":-0.47164487240166714,"11":-0.6799984136654744,"2":-1.1832021674674205,"3":-0.2388078694629098,"4":0.17583328100938908,"5":0.3545220816534895,"6":-0.5799854665421174,"7":0.21999342307850595,"8":0.35482877107437255,"9":-0.6345299840416366,"lenght":12},"2":{"0":0.45835286008662995,"1":0.5121454175737694,"10":0.5368893748696233,"11":-0.2898808740931512,"2":-0.44283920532838494,"3":-0.582498030886953,"4":0.6302186258345114,"5":-0.6503799653147148,"6":-0.7162667709419063,"7":0.3517757051134654,"8":-0.7507026151845845,"9":0.029033989948329196,