{"biases":{"0":{"0":0.13960489340000004,"1":0.20597160220000005,"10":0.05458561080000002,"11":-0.14638324680000003,"2":0.463895068,"3":-0.3843594831999999,"4":-0.1578234195999999,"5":0.697293177,"6":-0.21073065019999992,"7":0.760796435,"8":0.24008133099999995,"9":-0.2652900922,"lenght":12},"1":{"0":0.42706444760000006,"1":-0.3863337869999999,"10":0.40665018519999996,"11":0.8831973261999999,"2":0.4341786582,"3":0.5541663778000001,"4":-0.4571354634,"5":0.01892100699999999,"6":0.34724740119999997,"7":0.553244734,"8":0.6281118648,"9":-0.20664630699999997,"lenght":12},"2":{"0":-0.17242593620000002,"1":-0.2288508683999999,"2":0.6485483032,"3":-0.3854843453999999,"4":-0.17775805459999983,"5":-0.47802946099999977,"lenght":6},"3":{"0":-0.16940482860000006,"1":0.8039610333999999,"2":-0.32454095659999993,"3":-0.08932613060000005,"lenght":4},"lenght":4},"weights":{"0":{"0":{"0":0.5974635514,"1":0.667312249,"2":-0.004458328399999975,"3":0.6248390260000001,"4":-0.7349699622,"5":-0.008777716799999984,"6":-0.24889327379999998,"7":0.6276459270000001,"lenght":8},"1":{"0":-0.09351333059999989,"1":0.5847506696,"2":0.35363167759999997,"3":0.12857419179999996,"4":0.6330461751999998,"5":-0.17363372719999992,"6":0.6799689846,"7":0.27020710979999985,"lenght":8},"10":{"0":0.21126262499999993,"1":0.07000081400000002,"2":0.05609812679999998,"3":0.20472743920000014,"4":-0.35866077259999996,"5":0.5993643726,"6":0.1590720766,"7":0.5062181732,"lenght":8},"11":{"0":0.31099252319999987,"1":0.474854974,"2":0.22382466779999988,"3":0.05356818940000002,"4":-0.37073843559999997,"5":0.18566804820000005,"6":0.09144940719999994,"7":-0.37921226620000004,"lenght":8},"2":{"0":0.30645709399999993,"1":0.559894393,"2":-0.29035421019999996,"3":-0.9074151198,"4":-0.3361340048,"5":0.5135408591999999,"6":-0.639774603,"7":0.02904257560000001,"lenght":8},"3":{"0":0.16335692899999993,"1":-0.2549823603999999,"2":-0.2936380966,"3":-0.3320388472,"4":-0.20727245119999996,"5":0.1819475156,"6":-0.5464220926000001,"7":-0.6422860069999999,"lenght":8},"4":{"0":-0.1562173426000001,"1":0.488119579,"2":-0.3814469810000001,"3":-0.20566441060000007,"4":-0.397135245,"5":-0.01081736199999983,"6":-0.23849559079999993,"7":-0.07264857560000001,"lenght":8},"5":{"0":0.39845620039999996,"1":-0.8788639118,"2":0.35992561619999996,"3":0.1760252684,"4":-0.3969747461999999,"5":0.5138946022,"6":0.067755271,"7":0.5404823477999999,"lenght":8},"6":{"0":-0.07268811200000008,"1":0.5014010621999999,"2":0.1415901222,"3":-0.9168221153999999,"4":0.12346481419999997,"5":0.217338412,"6":-0.019256647000000016,"7":-0.24217825680000005,"lenght":8},"7":{"0":0.404356053,"1":0.6181052577999998,"2":-0.17721710259999998,"3":-0.9553935054,"4":0.010575666199999945,"5":-0.21211630240000007,"6":-0.6156795124,"7":-0.3626416764,"lenght":8},"8":{"0":-0.8044738306,"1":0.8153963994,"2":0.32669391300000006,"3":-0.2316090756,"4":-0.46489806980000004,"5":0.9231983236,"6":0.5067423488,"7":0.5945581305999998,"lenght":8},"9":{"0":0.29485730460000004,"1":0.14566796499999995,"2":0.604583399,"3":-0.37311744159999993,"4":-0.29191453999999994,"5":-0.8791384372,"6":0.18688779899999997,"7":0.2663973493999999,"lenght":8},"lenght":12},"1":{"0":{"0":-0.4847847442,"1":-0.10593912159999996,"10":0.02014198580000004,"11":0.24961837799999995,"2":0.06311756839999995,"3":-0.31052211779999994,"4":0.09406169239999995,"5":-0.802261412,"6":-0.1342717858,"7":-0.0650761874000001,"8":-0.4258970393999998,"9":-0.9481997092,"lenght":12},"1":{"0":0.5271781576,"1":-0.6865104536,"10":0.37743420559999996,"11":-0.0827874888,"2":-0.3938134326,"3":-0.714560278,"4":0.41515759459999996,"5":0.11615886739999998,"6":0.11922745580000005,"7":-0.15725506500000003,"8":0.3188250818000001,"9":-0.515593886,"lenght":12},"10":{"0":0.2840936475999999,"1":0.027986217000000035,"10":-0.42724608840000006,"11":0.2784728714,"2":-0.18881511319999997,"3":0.034802908600000015,"4":0.16886867940000005,"5":-0.10387080640000002,"6":0.5874973714,"7":-0.4277248306000001,"8":0.3464767254000001,"9":-0.5297160316,"lenght":12},"11":{"0":0.10637259539999994,"1":0.15308474579999998,"10":-0.6553547112,"11":0.7341908027999999,"2":0.3775050052000001,"3":0.07811441760000007,"4":-0.5172514392,"5":0.7814500495999999,"6":0.6405242776,"7":-0.0162882456,"8":0.022911200399999943,"9":0.6248216696,"lenght":12},"2":{"0":-0.09314998619999998,"1":0.1866816068,"10":0.850251332,"11":-0.2942013176,"2":-0.6790198606,"3":-0.38403811999999987,"4":0.3680352998,"5":0.03463032459999982,"6":0.653682099,"7":0.4122505569999999,"8":0.19721409579999982,"9":-0.4506774398000001,"lenght":12},"3":{"0":-0.051415958999999845,"1":0.06097954620000001,"10":-0.6590793878,"11":0.6315574101999999,"2":0.9167224949999999,"3":-0.5747901056,"4":-0.31269726880000004,"5":-0.278612625,"6":0.37482827240000005,"7":-0.6205191111999999,"8":-0.09112307860000002,"9":0.16253773399999993,"lenght":12},"4":{"0":-0.5113033986,"1":0.007670960800000071,"10":-0.16454235159999997,"11":0.5044992458,"2":-0.849174762,"3":0.3695216831999999,"4":-0.317400031,"5":0.549259445,"6":-0.3587429113999999,"7":0.12497287559999994,"8":-0.4885360554,"9":-0.6137627720000001,"lenght":12},"5":{"0":0.8828675526,"1":-0.04533735979999998,"10":-0.44922086280000006,"11":-0.8101479094,"2":0.1662726955999997,"3":0.3746045426000001,"4":0.28198520039999997,"5":0.33204692039999995,"6":0.894403225,"7":0.4805692414,"8":0.37302646659999983,"9":0.8261257200000001,"lenght":12},"6":{"0":-0.4189640121999999,"1":0.4791303024,"10":-0.41506789200000005,"11":0.15857030840000005,"2":-0.8116670192,"3":-0.008087089399999914,"4":0.30166803640000006,"5":-0.5272235141999999,"6":-0.5080067864,"7":0.4518875320000001,"8":-0.4670296606,"9":-0.24918154839999995,"lenght":12},"7":{"0":-0.6909221034,"1":0.3311891966000001,"10":-0.30357858599999993,"11":0.2906944614000001,"2":-0.4489339217999999,"3":-0.20645815739999995,"4":0.2674264245999999,"5":0.03552372659999996,"6":-0.0084360188,"7":0.21681687140000003,"8":0.8011863682,"9":-0.5986404304,"lenght":12},"8":{"0":0.17540648999999997,"1":-0.3186524681999998,"10":-0.3650549556,"11":-0.08959013999999998,"2":-0.5102134030000001,"3":-0.1990441506,"4":-0.4895267482,"5":-0.321911373,"6":0.24880794140000007,"7":-0.6759678661999999,"8":-0.6087810705999999,"9":-0.22833618500000002,"lenght":12},"9":{"0":-0.1575596992,"1":0.3249382580000001,"10":-0.2735777642,"11":0.030368015399999893,"2":-0.481702608,"3":0.04241064019999996,"4":0.2567567096,"5":-0.11277050000000001,"6":-0.7084961572,"7":0.6563575004000001,"8":0.7084186979999999,"9":-0.634430079,"lenght":12},"lenght":12},"2":{"0":{"0":0.09888366999999998,"1":0.8153355929999999,"10":-0.02503437160000002,"11":0.6304231961999998,"2":-0.3255203512,"3":0.4995914510000001,"4":-0.2543386042,"5":0.20134832820000004,"6":-0.1572793554,"7":-0.5228412328,"8":0.3661463904,"9":0.4241973713999998,"lenght":12},"1":{"0":-0.1918068644,"1":-0.6606617762,"10":-0.21115562440000002,"11":-0.6598635598,"2":0.422507942,"3":0.4326981407999998,"4":0.0009755342000000444,"5":0.4677793970000001,"6":0.3466710832,"7":-0.4425001868000001,"8":-0.4825088486,"9":-0.42041771639999986,"lenght":12},"2":{"0":0.3782959791999998,"1":-0.20805866779999999,"10":0.423455002,"11":-0.14542970699999996,"2":-0.6861915354000001,"3":0.28536717660000005,"4":-0.11854301319999999,"5":0.019050409999999962,"6":-0.18513939160000004,"7":0.44086355099999996,"8":-0.2580911028,"9":0.45634025859999994,"lenght":12},"3":{"0":-0.17078852040000014,"1":-0.5953014606,"10":-0.8091670272,"11":0.02105423220000005,"2":0.14872906019999987,"3":-0.5431192357999999,"4":0.47841880359999983,"5":-0.41978241860000004,"6":-0.7446960396,"7":-0.36238806079999997,"8":-0.7189213019999999,"9":0.20133479519999997,"lenght":12},"4":{"0":-0.681362915,"1":0.24950405600000003,"10":-0.6712047176,"11":-0.07415747159999997,"2":0.8605540454,"3":-0.6258717622,"4":0.6796092324,"5":0.4739213151999999,"6":-0.5162124292,"7":0.5829052130000001,"8":-0.3771373526,"9":-0.45140396320000004,"lenght":12},"5":{"0":0.30664644679999997,"1":0.26065589079999996,